in:Fillet,in:Width,in:form variable,in:Fillet Base,out:Floor Area Small,out:Floor Area Large,out:Floor Area Deviation,out:Floor Area,out: FAR,out:Facade Area,out:Num Panels,out:Percent Planar,out:Facade Cost,out:Avg Solar Rad. (kWh/m2),img
7,30,0,8,1645.061929,1882.887816,237.825887,72214.21811,7.371392797,26812.96517,2231,0.666517,25975659.12,74.734626,https://raw.githubusercontent.com/abuzreq/ds_datasets/refs/heads/main/facade/Fillet7_Width30_formvariable0_FilletBase8_Perspective.png
14,30,0,8,1644.700372,1757.538558,112.838187,69798.40276,7.124794214,25825.61268,2146,0.524697,26792566.46,77.461914,https://raw.githubusercontent.com/abuzreq/ds_datasets/refs/heads/main/facade/Fillet14_Width30_formvariable0_FilletBase8_Perspective.png
21,30,0,8,1547.39034,1650.512688,103.122348,66101.44278,6.747420549,24843.94592,2063,0.351915,27852620.02,80.366382,https://raw.githubusercontent.com/abuzreq/ds_datasets/refs/heads/main/facade/Fillet21_Width30_formvariable0_FilletBase8_Perspective.png
7,36,0,8,1789.061929,1882.887816,93.825887,75238.21811,7.680072894,26736.78732,2231,0.676827,25768396.71,80.771501,https://raw.githubusercontent.com/abuzreq/ds_datasets/refs/heads/main/facade/Fillet7_Width36_formvariable0_FilletBase8_Perspective.png
14,36,0,8,1756.971725,1789.10015,32.128425,72822.40276,7.433474311,25766.04949,2146,0.523765,26742400.27,83.790973,https://raw.githubusercontent.com/abuzreq/ds_datasets/refs/heads/main/facade/Fillet14_Width36_formvariable0_FilletBase8_Perspective.png
21,36,0,8,1548.276779,1789.061929,240.785149,69125.44278,7.056100646,24801.02806,2063,0.348522,27845251.48,87.220711,https://raw.githubusercontent.com/abuzreq/ds_datasets/refs/heads/main/facade/Fillet21_Width36_formvariable0_FilletBase8_Perspective.png
7,42,0,8,1861.061929,1882.887816,21.825887,76750.21811,7.834412942,26698.68877,2231,0.721649,25152229.16,83.397196,https://raw.githubusercontent.com/abuzreq/ds_datasets/refs/heads/main/facade/Fillet7_Width42_formvariable0_FilletBase8_Perspective.png
14,42,0,8,1757.354114,1861.061929,103.707814,74334.40276,7.587814359,25736.14264,2146,0.527493,26664905.57,86.849131,https://raw.githubusercontent.com/abuzreq/ds_datasets/refs/heads/main/facade/Fillet14_Width42_formvariable0_FilletBase8_Perspective.png
21,42,0,8,1548.397975,1861.061929,312.663954,70637.44278,7.210440694,24779.45741,2063,0.361609,27664003.67,90.326607,https://raw.githubusercontent.com/abuzreq/ds_datasets/refs/heads/main/facade/Fillet21_Width42_formvariable0_FilletBase8_Perspective.png
7,48,0,8,1861.061929,1882.887816,21.825887,76750.21811,7.834412942,26698.89152,2231,0.721649,25152420.17,83.681691,https://raw.githubusercontent.com/abuzreq/ds_datasets/refs/heads/main/facade/Fillet7_Width48_formvariable0_FilletBase8_Perspective.png
14,48,0,8,1757.354114,1861.061929,103.707814,74334.40276,7.587814359,25736.19919,2146,0.526095,26682384.69,87.011406,https://raw.githubusercontent.com/abuzreq/ds_datasets/refs/heads/main/facade/Fillet14_Width48_formvariable0_FilletBase8_Perspective.png
21,48,0,8,1548.397975,1861.061929,312.663954,70637.44278,7.210440694,24779.45167,2063,0.356762,27722156.29,90.590346,https://raw.githubusercontent.com/abuzreq/ds_datasets/refs/heads/main/facade/Fillet21_Width48_formvariable0_FilletBase8_Perspective.png
7,54,0,8,1789.061929,1882.887816,93.825887,75238.21811,7.680072894,26737.20279,2231,0.663828,25937079.73,80.766081,https://raw.githubusercontent.com/abuzreq/ds_datasets/refs/heads/main/facade/Fillet7_Width54_formvariable0_FilletBase8_Perspective.png
14,54,0,8,1756.971725,1789.10015,32.128425,72822.40276,7.433474311,25766.04937,2146,0.518173,26812162.98,83.859855,https://raw.githubusercontent.com/abuzreq/ds_datasets/refs/heads/main/facade/Fillet14_Width54_formvariable0_FilletBase8_Perspective.png
21,54,0,8,1548.276779,1789.061929,240.785149,69125.44278,7.056100646,24801.01914,2063,0.348037,27851062.41,87.102859,https://raw.githubusercontent.com/abuzreq/ds_datasets/refs/heads/main/facade/Fillet21_Width54_formvariable0_FilletBase8_Perspective.png
7,60,0,8,1645.061929,1882.887816,237.825887,72214.21811,7.371392797,26813.45089,2231,0.649933,26191447.34,74.621972,https://raw.githubusercontent.com/abuzreq/ds_datasets/refs/heads/main/facade/Fillet7_Width60_formvariable0_FilletBase8_Perspective.png
14,60,0,8,1644.700372,1757.538558,112.838187,69798.40276,7.124794214,25825.6458,2146,0.519571,26856698.01,77.435974,https://raw.githubusercontent.com/abuzreq/ds_datasets/refs/heads/main/facade/Fillet14_Width60_formvariable0_FilletBase8_Perspective.png
21,60,0,8,1547.39034,1650.512688,103.122348,66101.44278,6.747420549,24843.91577,2063,0.346098,27922558.63,80.422207,https://raw.githubusercontent.com/abuzreq/ds_datasets/refs/heads/main/facade/Fillet21_Width60_formvariable0_FilletBase8_Perspective.png
7,30,1,8,1645.061929,1879.192134,234.130205,73915.07628,7.545010874,26917.33038,2231,0.652174,26263707.37,74.030063,https://raw.githubusercontent.com/abuzreq/ds_datasets/refs/heads/main/facade/Fillet7_Width30_formvariable1_FilletBase8_Perspective.png
14,30,1,8,1645.061929,1808.285215,163.223286,71499.26094,7.298412292,25923.75706,2146,0.501398,27186843.2,78.236208,https://raw.githubusercontent.com/abuzreq/ds_datasets/refs/heads/main/facade/Fillet14_Width30_formvariable1_FilletBase8_Perspective.png
21,30,1,8,1557.976066,1742.039611,184.063545,68031.63149,6.944447942,24980.86433,2069,0.39391,27498154.27,81.091673,https://raw.githubusercontent.com/abuzreq/ds_datasets/refs/heads/main/facade/Fillet21_Width30_formvariable1_FilletBase8_Perspective.png
7,36,1,8,1789.061929,1879.75597,90.694042,75850.52705,7.742575402,26774.87733,2231,0.659794,26025926.04,80.612215,https://raw.githubusercontent.com/abuzreq/ds_datasets/refs/heads/main/facade/Fillet7_Width36_formvariable1_FilletBase8_Perspective.png
14,36,1,8,1744.181302,1820.329905,76.148603,73434.7117,7.495976818,25801.59884,2146,0.527027,26738545.56,83.518783,https://raw.githubusercontent.com/abuzreq/ds_datasets/refs/heads/main/facade/Fillet14_Width36_formvariable1_FilletBase8_Perspective.png
21,36,1,8,1542.430099,1795.911061,253.480963,69758.09399,7.120679626,24838.01858,2063,0.375182,27566151.65,86.777861,https://raw.githubusercontent.com/abuzreq/ds_datasets/refs/heads/main/facade/Fillet21_Width36_formvariable1_FilletBase8_Perspective.png
7,42,1,8,1861.061929,1881.446251,20.384322,76818.25243,7.841357665,26703.22968,2231,0.692515,25533212.88,83.603243,https://raw.githubusercontent.com/abuzreq/ds_datasets/refs/heads/main/facade/Fillet7_Width42_formvariable1_FilletBase8_Perspective.png
14,42,1,8,1755.904822,1861.061929,105.157107,74402.43709,7.594759083,25740.10909,2146,0.547996,26413475.62,86.754361,https://raw.githubusercontent.com/abuzreq/ds_datasets/refs/heads/main/facade/Fillet14_Width42_formvariable1_FilletBase8_Perspective.png
21,42,1,8,1546.948682,1861.061929,314.113246,70705.47711,7.217385417,24783.14811,2063,0.382937,27412186.02,90.056518,https://raw.githubusercontent.com/abuzreq/ds_datasets/refs/heads/main/facade/Fillet21_Width42_formvariable1_FilletBase8_Perspective.png
7,48,1,8,1861.061929,1881.446251,20.384322,76818.25243,7.841357665,26702.60225,2231,0.689825,25567384.99,83.586093,https://raw.githubusercontent.com/abuzreq/ds_datasets/refs/heads/main/facade/Fillet7_Width48_formvariable1_FilletBase8_Perspective.png
14,48,1,8,1755.904822,1861.061929,105.157107,74402.43709,7.594759083,25740.09582,2146,0.54986,26390231.15,86.968117,https://raw.githubusercontent.com/abuzreq/ds_datasets/refs/heads/main/facade/Fillet14_Width48_formvariable1_FilletBase8_Perspective.png
21,48,1,8,1546.948682,1861.061929,314.113246,70705.47711,7.217385417,24783.22531,2063,0.380514,27441355.37,90.53256,https://raw.githubusercontent.com/abuzreq/ds_datasets/refs/heads/main/facade/Fillet21_Width48_formvariable1_FilletBase8_Perspective.png
7,54,1,8,1789.061929,1879.75597,90.694042,75850.52705,7.742575402,26774.64315,2231,0.658001,26048942.32,80.536663,https://raw.githubusercontent.com/abuzreq/ds_datasets/refs/heads/main/facade/Fillet7_Width54_formvariable1_FilletBase8_Perspective.png
14,54,1,8,1744.181302,1820.329905,76.148603,73434.7117,7.495976818,25801.66304,2146,0.532153,26674574.43,83.725451,https://raw.githubusercontent.com/abuzreq/ds_datasets/refs/heads/main/facade/Fillet14_Width54_formvariable1_FilletBase8_Perspective.png
21,54,1,8,1542.430099,1795.911061,253.480963,69758.09399,7.120679626,24838.13237,2063,0.37809,27531299.89,86.985403,https://raw.githubusercontent.com/abuzreq/ds_datasets/refs/heads/main/facade/Fillet21_Width54_formvariable1_FilletBase8_Perspective.png
7,60,1,8,1645.061929,1879.192134,234.130205,73915.07628,7.545010874,26917.53313,2231,0.649485,26298957.13,73.890351,https://raw.githubusercontent.com/abuzreq/ds_datasets/refs/heads/main/facade/Fillet7_Width60_formvariable1_FilletBase8_Perspective.png
14,60,1,8,1645.061929,1808.285215,163.223286,71499.26094,7.298412292,25923.79827,2146,0.501864,27181037.26,78.381156,https://raw.githubusercontent.com/abuzreq/ds_datasets/refs/heads/main/facade/Fillet14_Width60_formvariable1_FilletBase8_Perspective.png
21,60,1,8,1557.976066,1742.039611,184.063545,68031.63149,6.944447942,24980.94109,2069,0.385694,27597624.04,81.129225,https://raw.githubusercontent.com/abuzreq/ds_datasets/refs/heads/main/facade/Fillet21_Width60_formvariable1_FilletBase8_Perspective.png
7,30,2,8,1645.061929,1880.603062,235.541133,72401.07756,7.390466803,28376.87964,2231,0.628418,28014226.69,62.428819,https://raw.githubusercontent.com/abuzreq/ds_datasets/refs/heads/main/facade/Fillet7_Width30_formvariable2_FilletBase8_Perspective.png
14,30,2,8,1532.760708,1858.537288,325.77658,69985.26221,7.14386822,27180.33255,2146,0.474837,28854205.33,64.37585,https://raw.githubusercontent.com/abuzreq/ds_datasets/refs/heads/main/facade/Fillet14_Width30_formvariable2_FilletBase8_Perspective.png
21,30,2,8,1507.024022,1849.497628,342.473606,67279.94174,6.867717895,26239.70152,2081,0.362326,29285129.7,66.468922,https://raw.githubusercontent.com/abuzreq/ds_datasets/refs/heads/main/facade/Fillet21_Width30_formvariable2_FilletBase8_Perspective.png
7,36,2,8,1789.061929,1880.735346,91.673417,75305.48751,7.686939536,27323.26622,2231,0.641416,26802107.08,68.264745,https://raw.githubusercontent.com/abuzreq/ds_datasets/refs/heads/main/facade/Fillet7_Width36_formvariable2_FilletBase8_Perspective.png
14,36,2,8,1676.574877,1861.266463,184.691586,72889.67216,7.440340953,26272.1398,2146,0.489748,27700394.2,72.14353,https://raw.githubusercontent.com/abuzreq/ds_datasets/refs/heads/main/facade/Fillet14_Width36_formvariable2_FilletBase8_Perspective.png
21,36,2,8,1558.792552,1852.226803,293.43425,69630.83389,7.107689328,25320.92999,2072,0.354247,28358771.9,75.447536,https://raw.githubusercontent.com/abuzreq/ds_datasets/refs/heads/main/facade/Fillet21_Width36_formvariable2_FilletBase8_Perspective.png
7,42,2,8,1861.061929,1881.458502,20.396574,76757.69248,7.835175902,26765.16484,2231,0.662931,25975822.82,83.656677,https://raw.githubusercontent.com/abuzreq/ds_datasets/refs/heads/main/facade/Fillet7_Width42_formvariable2_FilletBase8_Perspective.png
14,42,2,8,1748.481962,1864.450261,115.968299,74341.87714,7.58857732,25793.56102,2146,0.510718,26933908.05,86.904972,https://raw.githubusercontent.com/abuzreq/ds_datasets/refs/heads/main/facade/Fillet14_Width42_formvariable2_FilletBase8_Perspective.png
21,42,2,8,1539.787016,1862.576805,322.789789,70644.91716,7.211203654,24827.55488,2063,0.363063,27700218.5,90.355233,https://raw.githubusercontent.com/abuzreq/ds_datasets/refs/heads/main/facade/Fillet21_Width42_formvariable2_FilletBase8_Perspective.png
7,48,2,8,1861.061929,1881.458502,20.396574,76757.69248,7.835175902,26765.01315,2231,0.663828,25964057.84,83.583526,https://raw.githubusercontent.com/abuzreq/ds_datasets/refs/heads/main/facade/Fillet7_Width48_formvariable2_FilletBase8_Perspective.png
14,48,2,8,1748.481962,1864.450261,115.968299,74341.87714,7.58857732,25793.59721,2146,0.513048,26904846.92,86.736982,https://raw.githubusercontent.com/abuzreq/ds_datasets/refs/heads/main/facade/Fillet14_Width48_formvariable2_FilletBase8_Perspective.png
21,48,2,8,1539.787016,1862.576805,322.789789,70644.91716,7.211203654,24827.58281,2063,0.362094,27711904.08,90.041319,https://raw.githubusercontent.com/abuzreq/ds_datasets/refs/heads/main/facade/Fillet21_Width48_formvariable2_FilletBase8_Perspective.png
7,54,2,8,1789.061929,1880.735346,91.673417,75305.48751,7.686939536,27323.34298,2231,0.640072,26819972.54,68.587355,https://raw.githubusercontent.com/abuzreq/ds_datasets/refs/heads/main/facade/Fillet7_Width54_formvariable2_FilletBase8_Perspective.png
14,54,2,8,1676.574877,1861.266463,184.691586,72889.67216,7.440340953,26272.18325,2146,0.490214,27694512.25,72.023461,https://raw.githubusercontent.com/abuzreq/ds_datasets/refs/heads/main/facade/Fillet14_Width54_formvariable2_FilletBase8_Perspective.png
21,54,2,8,1558.792552,1852.226803,293.43425,69630.83389,7.107689328,25320.99764,2072,0.351351,28394350.84,76.443596,https://raw.githubusercontent.com/abuzreq/ds_datasets/refs/heads/main/facade/Fillet21_Width54_formvariable2_FilletBase8_Perspective.png
7,60,2,8,1645.061929,1880.603062,235.541133,72401.07756,7.390466803,28376.95302,2231,0.628418,28014299.13,61.825139,https://raw.githubusercontent.com/abuzreq/ds_datasets/refs/heads/main/facade/Fillet7_Width60_formvariable2_FilletBase8_Perspective.png
14,60,2,8,1532.760708,1858.537288,325.77658,69985.26221,7.14386822,27180.29166,2146,0.477633,28817365.95,64.18787,https://raw.githubusercontent.com/abuzreq/ds_datasets/refs/heads/main/facade/Fillet14_Width60_formvariable2_FilletBase8_Perspective.png
21,60,2,8,1507.024022,1849.497628,342.473606,67279.94174,6.867717895,26239.50395,2081,0.363767,29266593.23,66.485924,https://raw.githubusercontent.com/abuzreq/ds_datasets/refs/heads/main/facade/Fillet21_Width60_formvariable2_FilletBase8_Perspective.png
7,30,3,8,1645.061929,1882.275039,237.21311,72621.46491,7.412963228,27436.74001,2231,0.644554,26871733.8,71.247733,https://raw.githubusercontent.com/abuzreq/ds_datasets/refs/heads/main/facade/Fillet7_Width30_formvariable3_FilletBase8_Perspective.png
14,30,3,8,1573.604326,1868.332105,294.727779,70205.64957,7.166364646,26370.15051,2146,0.49068,27791833.41,75.046091,https://raw.githubusercontent.com/abuzreq/ds_datasets/refs/heads/main/facade/Fillet14_Width30_formvariable3_FilletBase8_Perspective.png
21,30,3,8,1513.101348,1866.332563,353.231215,67410.22513,6.8810168,25521.00125,2080,0.392788,28106580.52,77.579999,https://raw.githubusercontent.com/abuzreq/ds_datasets/refs/heads/main/facade/Fillet21_Width30_formvariable3_FilletBase8_Perspective.png
7,36,3,8,1789.061929,1882.379564,93.317635,75384.82696,7.695038249,26966.20918,2231,0.648588,26358219.67,76.377998,https://raw.githubusercontent.com/abuzreq/ds_datasets/refs/heads/main/facade/Fillet7_Width36_formvariable3_FilletBase8_Perspective.png
14,36,3,8,1700.897513,1868.359973,167.46246,72969.01161,7.448439666,25965.71847,2146,0.5,27248424.97,82.01671,https://raw.githubusercontent.com/abuzreq/ds_datasets/refs/heads/main/facade/Fillet14_Width36_formvariable3_FilletBase8_Perspective.png
21,36,3,8,1544.715847,1866.360431,321.644584,69539.8292,7.098399865,25026.12709,2068,0.381044,27703879.12,84.260289,https://raw.githubusercontent.com/abuzreq/ds_datasets/refs/heads/main/facade/Fillet21_Width36_formvariable3_FilletBase8_Perspective.png
7,42,3,8,1861.061929,1882.431826,21.369898,76766.50798,7.836075759,26724.2099,2231,0.66831,25866475.35,84.23156,https://raw.githubusercontent.com/abuzreq/ds_datasets/refs/heads/main/facade/Fillet7_Width42_formvariable3_FilletBase8_Perspective.png
14,42,3,8,1754.340843,1869.309038,114.968195,74350.69263,7.589477176,25758.50075,2146,0.535415,26589268.81,87.348098,https://raw.githubusercontent.com/abuzreq/ds_datasets/refs/heads/main/facade/Fillet14_Width42_formvariable3_FilletBase8_Perspective.png
21,42,3,8,1545.457059,1868.885723,323.428665,70653.73265,7.212103511,24798.47858,2063,0.349006,27836568.69,90.899738,https://raw.githubusercontent.com/abuzreq/ds_datasets/refs/heads/main/facade/Fillet21_Width42_formvariable3_FilletBase8_Perspective.png
7,48,3,8,1861.061929,1882.431826,21.369898,76766.50798,7.836075759,26724.26929,2231,0.672792,25808532.43,84.276208,https://raw.githubusercontent.com/abuzreq/ds_datasets/refs/heads/main/facade/Fillet7_Width48_formvariable3_FilletBase8_Perspective.png
14,48,3,8,1754.340843,1869.309038,114.968195,74350.69263,7.589477176,25758.57239,2146,0.528425,26676521,87.733284,https://raw.githubusercontent.com/abuzreq/ds_datasets/refs/heads/main/facade/Fillet14_Width48_formvariable3_FilletBase8_Perspective.png
21,48,3,8,1545.457059,1868.885723,323.428665,70653.73265,7.212103511,24798.4695,2063,0.35143,27807456.65,91.05667,https://raw.githubusercontent.com/abuzreq/ds_datasets/refs/heads/main/facade/Fillet21_Width48_formvariable3_FilletBase8_Perspective.png
7,54,3,8,1789.061929,1882.379564,93.317635,75384.82696,7.695038249,26966.22681,2231,0.65307,26299711.37,76.787903,https://raw.githubusercontent.com/abuzreq/ds_datasets/refs/heads/main/facade/Fillet7_Width54_formvariable3_FilletBase8_Perspective.png
14,54,3,8,1700.897513,1868.359973,167.46246,72969.01161,7.448439666,25965.64835,2146,0.500932,27236634.17,81.976796,https://raw.githubusercontent.com/abuzreq/ds_datasets/refs/heads/main/facade/Fillet14_Width54_formvariable3_FilletBase8_Perspective.png
21,54,3,8,1544.715847,1866.360431,321.644584,69539.8292,7.098399865,25026.06743,2068,0.382012,27692093.92,84.25448,https://raw.githubusercontent.com/abuzreq/ds_datasets/refs/heads/main/facade/Fillet21_Width54_formvariable3_FilletBase8_Perspective.png
7,60,3,8,1645.061929,1882.275039,237.21311,72621.46491,7.412963228,27437.29374,2231,0.640072,26931824.02,70.172996,https://raw.githubusercontent.com/abuzreq/ds_datasets/refs/heads/main/facade/Fillet7_Width60_formvariable3_FilletBase8_Perspective.png
14,60,3,8,1573.604326,1868.332105,294.727779,70205.64957,7.166364646,26369.9031,2146,0.486952,27839171.19,74.224479,https://raw.githubusercontent.com/abuzreq/ds_datasets/refs/heads/main/facade/Fillet14_Width60_formvariable3_FilletBase8_Perspective.png
21,60,3,8,1513.101348,1866.332563,353.231215,67410.22513,6.8810168,25520.90853,2080,0.389904,28142124.25,77.095929,https://raw.githubusercontent.com/abuzreq/ds_datasets/refs/heads/main/facade/Fillet21_Width60_formvariable3_FilletBase8_Perspective.png
7,30,4,8,740.083703,1882.82983,1142.746127,67348.74495,6.874741103,27159.52292,2233,0.65562,26454697.43,26.02554,https://raw.githubusercontent.com/abuzreq/ds_datasets/refs/heads/main/facade/Fillet7_Width30_formvariable4_FilletBase8_Perspective.png
14,30,4,8,740.083703,1795.367994,1055.284291,64939.95252,6.628859396,26162.48985,2148,0.509777,27331068.88,27.604975,https://raw.githubusercontent.com/abuzreq/ds_datasets/refs/heads/main/facade/Fillet14_Width30_formvariable4_FilletBase8_Perspective.png
21,30,4,8,740.083703,1722.044124,981.96042,61256.83432,6.252898655,25174.5895,2065,0.356901,28162527.99,29.572552,https://raw.githubusercontent.com/abuzreq/ds_datasets/refs/heads/main/facade/Fillet21_Width30_formvariable4_FilletBase8_Perspective.png
7,36,4,8,1452.821279,1882.866941,430.045662,73467.87015,7.499361525,26854.74721,2231,0.658001,26126875.23,66.678021,https://raw.githubusercontent.com/abuzreq/ds_datasets/refs/heads/main/facade/Fillet7_Width36_formvariable4_FilletBase8_Perspective.png
14,36,4,8,1452.399578,1812.929832,360.530254,71052.05481,7.252762943,25878.85436,2146,0.506058,27081362.48,69.635515,https://raw.githubusercontent.com/abuzreq/ds_datasets/refs/heads/main/facade/Fillet14_Width36_formvariable4_FilletBase8_Perspective.png
21,36,4,8,1451.976263,1773.816038,321.839775,67355.09483,6.875389278,24908.81864,2063,0.354823,27890271.42,72.109493,https://raw.githubusercontent.com/abuzreq/ds_datasets/refs/heads/main/facade/Fillet21_Width36_formvariable4_FilletBase8_Perspective.png
7,42,4,8,1823.755318,1882.885497,59.130179,76553.51278,7.814333901,26711.86632,2231,0.679516,25709594.22,81.692537,https://raw.githubusercontent.com/abuzreq/ds_datasets/refs/heads/main/facade/Fillet7_Width42_formvariable4_FilletBase8_Perspective.png
14,42,4,8,1757.351795,1852.091145,94.73935,74137.69743,7.567735318,25748.78459,2146,0.532153,26619907.02,85.001785,https://raw.githubusercontent.com/abuzreq/ds_datasets/refs/heads/main/facade/Fillet14_Width42_formvariable4_FilletBase8_Perspective.png
21,42,4,8,1548.395655,1848.900043,300.504387,70440.73745,7.190361653,24791.47075,2063,0.35967,27700690.36,88.252529,https://raw.githubusercontent.com/abuzreq/ds_datasets/refs/heads/main/facade/Fillet21_Width42_formvariable4_FilletBase8_Perspective.png
7,48,4,8,1823.755318,1882.885497,59.130179,76553.51278,7.814333901,26711.53389,2231,0.676827,25744057.94,81.73059,https://raw.githubusercontent.com/abuzreq/ds_datasets/refs/heads/main/facade/Fillet7_Width48_formvariable4_FilletBase8_Perspective.png
14,48,4,8,1757.351795,1852.091145,94.73935,74137.69743,7.567735318,25748.72942,2146,0.531221,26631469.3,84.815342,https://raw.githubusercontent.com/abuzreq/ds_datasets/refs/heads/main/facade/Fillet14_Width48_formvariable4_FilletBase8_Perspective.png
21,48,4,8,1548.395655,1848.900043,300.504387,70440.73745,7.190361653,24791.40869,2063,0.363548,27654071.34,88.383981,https://raw.githubusercontent.com/abuzreq/ds_datasets/refs/heads/main/facade/Fillet21_Width48_formvariable4_FilletBase8_Perspective.png
7,54,4,8,1452.821279,1882.866941,430.045662,73467.87015,7.499361525,26854.71171,2231,0.657104,26138497.38,66.914837,https://raw.githubusercontent.com/abuzreq/ds_datasets/refs/heads/main/facade/Fillet7_Width54_formvariable4_FilletBase8_Perspective.png
14,54,4,8,1452.399578,1812.929832,360.530254,71052.05481,7.252762943,25878.82953,2146,0.514911,26970395.2,69.107589,https://raw.githubusercontent.com/abuzreq/ds_datasets/refs/heads/main/facade/Fillet14_Width54_formvariable4_FilletBase8_Perspective.png
21,54,4,8,1451.976263,1773.816038,321.839775,67355.09483,6.875389278,24908.69391,2063,0.352399,27919362.96,71.852021,https://raw.githubusercontent.com/abuzreq/ds_datasets/refs/heads/main/facade/Fillet21_Width54_formvariable4_FilletBase8_Perspective.png
7,60,4,8,740.083703,1882.82983,1142.746127,67348.74495,6.874741103,27159.55789,2233,0.655172,26460620.71,27.319298,https://raw.githubusercontent.com/abuzreq/ds_datasets/refs/heads/main/facade/Fillet7_Width60_formvariable4_FilletBase8_Perspective.png
14,60,4,8,740.083703,1795.367994,1055.284291,64939.95252,6.628859396,26162.61417,2148,0.506983,27366584.05,28.743006,https://raw.githubusercontent.com/abuzreq/ds_datasets/refs/heads/main/facade/Fillet14_Width60_formvariable4_FilletBase8_Perspective.png
21,60,4,8,740.083703,1722.044124,981.96042,61256.83432,6.252898655,25174.68471,2065,0.356416,28168537.47,30.110568,https://raw.githubusercontent.com/abuzreq/ds_datasets/refs/heads/main/facade/Fillet21_Width60_formvariable4_FilletBase8_Perspective.png
7,30,5,8,1445.609587,1882.422779,436.813192,68822.57435,7.02518482,28113.35271,2231,0.637382,27632037.24,72.437271,https://raw.githubusercontent.com/abuzreq/ds_datasets/refs/heads/main/facade/Fillet7_Width30_formvariable5_FilletBase8_Perspective.png
14,30,5,8,1375.791612,1782.300901,406.509289,66406.75901,6.778586238,26848.38776,2146,0.484157,28380662.54,76.380813,https://raw.githubusercontent.com/abuzreq/ds_datasets/refs/heads/main/facade/Fillet14_Width30_formvariable5_FilletBase8_Perspective.png
21,30,5,8,1367.990244,1754.163109,386.172865,64243.78963,6.55779735,26039.25025,2094,0.407354,28493684.62,78.613163,https://raw.githubusercontent.com/abuzreq/ds_datasets/refs/heads/main/facade/Fillet21_Width30_formvariable5_FilletBase8_Perspective.png
7,36,5,8,1720.735835,1882.43275,161.696915,74017.22635,7.555438022,27232.59829,2231,0.649485,26606781.96,79.262684,https://raw.githubusercontent.com/abuzreq/ds_datasets/refs/heads/main/facade/Fillet7_Width36_formvariable5_FilletBase8_Perspective.png
14,36,5,8,1647.146955,1828.232472,181.085517,71601.41101,7.308839439,26152.32663,2146,0.498136,27467854.45,82.583592,https://raw.githubusercontent.com/abuzreq/ds_datasets/refs/heads/main/facade/Fillet14_Width36_formvariable5_FilletBase8_Perspective.png
21,36,5,8,1544.20043,1827.66312,283.462691,68339.15156,6.975838592,25177.62258,2071,0.362144,28102001.63,86.321205,https://raw.githubusercontent.com/abuzreq/ds_datasets/refs/heads/main/facade/Fillet21_Width36_formvariable5_FilletBase8_Perspective.png
7,42,5,8,1857.661819,1882.437736,24.775917,76614.55236,7.820564623,26755.44027,2231,0.678619,25763146.83,83.759329,https://raw.githubusercontent.com/abuzreq/ds_datasets/refs/heads/main/facade/Fillet7_Width42_formvariable5_FilletBase8_Perspective.png
14,42,5,8,1750.031901,1864.982478,114.950576,74198.73701,7.57396604,25780.34462,2146,0.516309,26850305.8,86.949005,https://raw.githubusercontent.com/abuzreq/ds_datasets/refs/heads/main/facade/Fillet14_Width42_formvariable5_FilletBase8_Perspective.png
21,42,5,8,1541.262511,1864.886511,323.623999,70501.77703,7.196592375,24810.78282,2063,0.36064,27710622.13,90.403909,https://raw.githubusercontent.com/abuzreq/ds_datasets/refs/heads/main/facade/Fillet21_Width42_formvariable5_FilletBase8_Perspective.png
7,48,5,8,1857.661819,1882.437736,24.775917,76614.55236,7.820564623,26755.62923,2231,0.676827,25786556.18,83.702626,https://raw.githubusercontent.com/abuzreq/ds_datasets/refs/heads/main/facade/Fillet7_Width48_formvariable5_FilletBase8_Perspective.png
14,48,5,8,1750.031901,1864.982478,114.950576,74198.73701,7.57396604,25780.21833,2146,0.517241,26838540.74,86.882643,https://raw.githubusercontent.com/abuzreq/ds_datasets/refs/heads/main/facade/Fillet14_Width48_formvariable5_FilletBase8_Perspective.png
21,48,5,8,1541.262511,1864.886511,323.623999,70501.77703,7.196592375,24810.75502,2063,0.353369,27797939.85,90.32873,https://raw.githubusercontent.com/abuzreq/ds_datasets/refs/heads/main/facade/Fillet21_Width48_formvariable5_FilletBase8_Perspective.png
7,54,5,8,1720.735835,1882.43275,161.696915,74017.22635,7.555438022,27231.93959,2231,0.651726,26576587.28,79.324908,https://raw.githubusercontent.com/abuzreq/ds_datasets/refs/heads/main/facade/Fillet7_Width54_formvariable5_FilletBase8_Perspective.png
14,54,5,8,1647.146955,1828.232472,181.085517,71601.41101,7.308839439,26152.25735,2146,0.50233,27414675.32,82.70498,https://raw.githubusercontent.com/abuzreq/ds_datasets/refs/heads/main/facade/Fillet14_Width54_formvariable5_FilletBase8_Perspective.png
21,54,5,8,1544.20043,1827.66312,283.462691,68339.15156,6.975838592,25177.50262,2071,0.36649,28048889.21,86.388909,https://raw.githubusercontent.com/abuzreq/ds_datasets/refs/heads/main/facade/Fillet21_Width54_formvariable5_FilletBase8_Perspective.png
7,60,5,8,1445.609587,1882.422779,436.813192,68822.57435,7.02518482,28113.37856,2231,0.641416,27577148.95,72.15542,https://raw.githubusercontent.com/abuzreq/ds_datasets/refs/heads/main/facade/Fillet7_Width60_formvariable5_FilletBase8_Perspective.png
14,60,5,8,1375.791612,1782.300901,406.509289,66406.75901,6.778586238,26848.3325,2146,0.491612,28283679.88,75.973283,https://raw.githubusercontent.com/abuzreq/ds_datasets/refs/heads/main/facade/Fillet14_Width60_formvariable5_FilletBase8_Perspective.png
21,60,5,8,1367.990244,1754.163109,386.172865,64243.78963,6.55779735,26039.33069,2094,0.404489,28529899.4,78.262865,https://raw.githubusercontent.com/abuzreq/ds_datasets/refs/heads/main/facade/Fillet21_Width60_formvariable5_FilletBase8_Perspective.png
7,30,6,8,1024.650941,1878.338615,853.687675,70378.35707,7.183994066,27839.39391,2231,0.637831,27356726.69,78.233577,https://raw.githubusercontent.com/abuzreq/ds_datasets/refs/heads/main/facade/Fillet7_Width30_formvariable6_FilletBase8_Perspective.png
14,30,6,8,1013.97881,1869.517221,855.538411,68612.68016,7.003759503,26905.62841,2165,0.530254,27840625.72,81.580297,https://raw.githubusercontent.com/abuzreq/ds_datasets/refs/heads/main/facade/Fillet14_Width30_formvariable6_FilletBase8_Perspective.png
21,30,6,8,1013.97881,1869.517221,855.538411,66926.44809,6.831634411,26316.46847,2120,0.450943,28241602.56,82.620699,https://raw.githubusercontent.com/abuzreq/ds_datasets/refs/heads/main/facade/Fillet21_Width30_formvariable6_FilletBase8_Perspective.png
7,36,6,8,1573.81984,1878.968707,305.148867,74577.30813,7.61260935,27122.72778,2231,0.650829,26481776.74,81.552551,https://raw.githubusercontent.com/abuzreq/ds_datasets/refs/heads/main/facade/Fillet7_Width36_formvariable6_FilletBase8_Perspective.png
14,36,6,8,1454.692881,1869.865834,415.172953,72170.95289,7.366976424,26071.63346,2146,0.509786,27236039.25,85.987399,https://raw.githubusercontent.com/abuzreq/ds_datasets/refs/heads/main/facade/Fillet14_Width36_formvariable6_FilletBase8_Perspective.png
21,36,6,8,1454.692881,1869.865834,415.172953,69976.81811,7.143006274,25395.75517,2091,0.405548,27811751.36,88.918443,https://raw.githubusercontent.com/abuzreq/ds_datasets/refs/heads/main/facade/Fillet21_Width36_formvariable6_FilletBase8_Perspective.png
7,42,6,8,1848.40429,1879.93988,31.53559,76676.78367,7.826916993,26742.38043,2231,0.67593,25785395.17,83.723344,https://raw.githubusercontent.com/abuzreq/ds_datasets/refs/heads/main/facade/Fillet7_Width42_formvariable6_FilletBase8_Perspective.png
14,42,6,8,1723.478621,1870.04014,146.561519,74260.96832,7.58031841,25770.56339,2146,0.515843,26845933.2,87.220236,https://raw.githubusercontent.com/abuzreq/ds_datasets/refs/heads/main/facade/Fillet14_Width42_formvariable6_FilletBase8_Perspective.png
21,42,6,8,1549.615169,1870.04014,320.424972,70751.99855,7.222134175,24841.09362,2068,0.381528,27493231.12,90.342815,https://raw.githubusercontent.com/abuzreq/ds_datasets/refs/heads/main/facade/Fillet21_Width42_formvariable6_FilletBase8_Perspective.png
7,48,6,8,1848.40429,1879.93988,31.53559,76676.78367,7.826916993,26742.6909,2231,0.677723,25762478.37,83.858714,https://raw.githubusercontent.com/abuzreq/ds_datasets/refs/heads/main/facade/Fillet7_Width48_formvariable6_FilletBase8_Perspective.png
14,48,6,8,1723.478621,1870.04014,146.561519,74260.96832,7.58031841,25770.51112,2146,0.520969,26781918.43,87.409527,https://raw.githubusercontent.com/abuzreq/ds_datasets/refs/heads/main/facade/Fillet14_Width48_formvariable6_FilletBase8_Perspective.png
21,48,6,8,1549.615169,1870.04014,320.424972,70751.99855,7.222134175,24841.10276,2068,0.378143,27533955.18,90.736539,https://raw.githubusercontent.com/abuzreq/ds_datasets/refs/heads/main/facade/Fillet21_Width48_formvariable6_FilletBase8_Perspective.png
7,54,6,8,1573.81984,1878.968707,305.148867,74577.30813,7.61260935,27123.29793,2231,0.645899,26547086.49,81.560154,https://raw.githubusercontent.com/abuzreq/ds_datasets/refs/heads/main/facade/Fillet7_Width54_formvariable6_FilletBase8_Perspective.png
14,54,6,8,1454.692881,1869.865834,415.172953,72170.95289,7.366976424,26071.72118,2146,0.505126,27294956.28,85.687633,https://raw.githubusercontent.com/abuzreq/ds_datasets/refs/heads/main/facade/Fillet14_Width54_formvariable6_FilletBase8_Perspective.png
21,54,6,8,1454.692881,1869.865834,415.172953,69976.81811,7.143006274,25395.76021,2091,0.406982,27794114.67,89.033975,https://raw.githubusercontent.com/abuzreq/ds_datasets/refs/heads/main/facade/Fillet21_Width54_formvariable6_FilletBase8_Perspective.png
7,60,6,8,1024.650941,1878.338615,853.687675,70378.35707,7.183994066,27839.68181,2231,0.633348,27417430.85,77.879143,https://raw.githubusercontent.com/abuzreq/ds_datasets/refs/heads/main/facade/Fillet7_Width60_formvariable6_FilletBase8_Perspective.png
14,60,6,8,1013.97881,1869.517221,855.538411,68612.68016,7.003759503,26905.64857,2165,0.532102,27816576.89,80.884841,https://raw.githubusercontent.com/abuzreq/ds_datasets/refs/heads/main/facade/Fillet14_Width60_formvariable6_FilletBase8_Perspective.png
21,60,6,8,1013.97881,1869.517221,855.538411,66926.44809,6.831634411,26316.28266,2120,0.453774,28205339.9,82.447543,https://raw.githubusercontent.com/abuzreq/ds_datasets/refs/heads/main/facade/Fillet21_Width60_formvariable6_FilletBase8_Perspective.png
7,30,0,16,1506.858346,1882.484954,375.626608,69304.81321,7.074410196,25774.42662,2140,0.520561,26791085.63,71.8935,https://raw.githubusercontent.com/abuzreq/ds_datasets/refs/heads/main/facade/Fillet7_Width30_formvariable0_FilletBase16_Perspective.png
14,30,0,16,1506.858346,1756.551267,249.692921,66467.16903,6.784752697,24791.23736,2058,0.363946,27649110.49,74.334217,https://raw.githubusercontent.com/abuzreq/ds_datasets/refs/heads/main/facade/Fillet14_Width30_formvariable0_FilletBase16_Perspective.png
21,30,0,16,1506.858346,1567.197419,60.339073,63196.91555,6.450935845,24006.73692,1993,0.250376,28094310.88,76.776121,https://raw.githubusercontent.com/abuzreq/ds_datasets/refs/heads/main/facade/Fillet21_Width30_formvariable0_FilletBase16_Perspective.png
7,36,0,16,1624.247718,1882.484954,258.237236,72190.78575,7.369000898,25676.27216,2140,0.514486,26764583.76,77.57503,https://raw.githubusercontent.com/abuzreq/ds_datasets/refs/heads/main/facade/Fillet7_Width36_formvariable0_FilletBase16_Perspective.png
14,36,0,16,1624.247718,1756.551267,132.303549,69280.87256,7.071966413,24690.74074,2058,0.375607,27397608.97,80.074648,https://raw.githubusercontent.com/abuzreq/ds_datasets/refs/heads/main/facade/Fillet14_Width36_formvariable0_FilletBase16_Perspective.png
21,36,0,16,1546.841938,1624.247718,77.40578,65089.815,6.644156872,23710.1639,1974,0.220871,28085971.93,83.502684,https://raw.githubusercontent.com/abuzreq/ds_datasets/refs/heads/main/facade/Fillet21_Width36_formvariable0_FilletBase16_Perspective.png
7,42,0,16,1696.247718,1882.484954,186.237236,73702.78575,7.523340947,25641.05674,2140,0.515888,26710470.93,80.636083,https://raw.githubusercontent.com/abuzreq/ds_datasets/refs/heads/main/facade/Fillet7_Width42_formvariable0_FilletBase16_Perspective.png
14,42,0,16,1696.247718,1756.551267,60.303549,70792.87256,7.226306461,24663.97792,2058,0.453353,26439453.56,83.18831,https://raw.githubusercontent.com/abuzreq/ds_datasets/refs/heads/main/facade/Fillet14_Width42_formvariable0_FilletBase16_Perspective.png
21,42,0,16,1547.195142,1696.247718,149.052576,66601.815,6.79849692,23691.67261,1974,0.239615,27849049.86,86.872012,https://raw.githubusercontent.com/abuzreq/ds_datasets/refs/heads/main/facade/Fillet21_Width42_formvariable0_FilletBase16_Perspective.png
7,48,0,16,1696.247718,1882.484954,186.237236,73702.78575,7.523340947,25641.00822,2140,0.505607,26838055.1,80.737857,https://raw.githubusercontent.com/abuzreq/ds_datasets/refs/heads/main/facade/Fillet7_Width48_formvariable0_FilletBase16_Perspective.png
14,48,0,16,1696.247718,1756.551267,60.303549,70792.87256,7.226306461,24664.02734,2058,0.456268,26404689.27,83.519221,https://raw.githubusercontent.com/abuzreq/ds_datasets/refs/heads/main/facade/Fillet14_Width48_formvariable0_FilletBase16_Perspective.png
21,48,0,16,1547.195142,1696.247718,149.052576,66601.815,6.79849692,23691.70693,1974,0.235056,27901391.99,86.982174,https://raw.githubusercontent.com/abuzreq/ds_datasets/refs/heads/main/facade/Fillet21_Width48_formvariable0_FilletBase16_Perspective.png
7,54,0,16,1624.247718,1882.484954,258.237236,72190.78575,7.369000898,25676.39326,2140,0.50514,26880901.65,77.599683,https://raw.githubusercontent.com/abuzreq/ds_datasets/refs/heads/main/facade/Fillet7_Width54_formvariable0_FilletBase16_Perspective.png
14,54,0,16,1624.247718,1756.551267,132.303549,69280.87256,7.071966413,24690.83606,2058,0.364431,27531325.98,80.145672,https://raw.githubusercontent.com/abuzreq/ds_datasets/refs/heads/main/facade/Fillet14_Width54_formvariable0_FilletBase16_Perspective.png
21,54,0,16,1546.841938,1624.247718,77.40578,65089.815,6.644156872,23710.16455,1974,0.205167,28266263.66,83.533649,https://raw.githubusercontent.com/abuzreq/ds_datasets/refs/heads/main/facade/Fillet21_Width54_formvariable0_FilletBase16_Perspective.png
7,60,0,16,1506.858346,1882.484954,375.626608,69304.81321,7.074410196,25774.50966,2140,0.520561,26791171.95,71.873476,https://raw.githubusercontent.com/abuzreq/ds_datasets/refs/heads/main/facade/Fillet7_Width60_formvariable0_FilletBase16_Perspective.png
14,60,0,16,1506.858346,1756.551267,249.692921,66467.16903,6.784752697,24791.36028,2058,0.347911,27841731.17,74.385124,https://raw.githubusercontent.com/abuzreq/ds_datasets/refs/heads/main/facade/Fillet14_Width60_formvariable0_FilletBase16_Perspective.png
21,60,0,16,1506.858346,1567.197419,60.339073,63196.91555,6.450935845,24006.74303,1993,0.240341,28210966.97,76.849535,https://raw.githubusercontent.com/abuzreq/ds_datasets/refs/heads/main/facade/Fillet21_Width60_formvariable0_FilletBase16_Perspective.png
7,30,1,16,1506.858346,1857.494832,350.636486,70966.80213,7.244060626,25840.96416,2140,0.504673,27059039.58,72.595258,https://raw.githubusercontent.com/abuzreq/ds_datasets/refs/heads/main/facade/Fillet7_Width30_formvariable1_FilletBase16_Perspective.png
14,30,1,16,1506.858346,1744.515856,237.65751,68082.20122,6.949609936,24839.95867,2058,0.336249,28036571.67,75.312409,https://raw.githubusercontent.com/abuzreq/ds_datasets/refs/heads/main/facade/Fillet14_Width30_formvariable1_FilletBase16_Perspective.png
21,30,1,16,1506.858346,1617.252414,110.394068,64245.01198,6.557922124,23911.09159,1982,0.197275,28597168.5,77.905102,https://raw.githubusercontent.com/abuzreq/ds_datasets/refs/heads/main/facade/Fillet21_Width30_formvariable1_FilletBase16_Perspective.png
7,36,1,16,1624.247718,1869.497839,245.250121,72803.09469,7.431503406,25703.81086,2140,0.518224,26746763.39,77.708226,https://raw.githubusercontent.com/abuzreq/ds_datasets/refs/heads/main/facade/Fillet7_Width36_formvariable1_FilletBase16_Perspective.png
14,36,1,16,1624.247718,1746.830445,122.582727,69893.1815,7.13446892,24716.15044,2058,0.332847,27937536.75,80.284378,https://raw.githubusercontent.com/abuzreq/ds_datasets/refs/heads/main/facade/Fillet14_Width36_formvariable1_FilletBase16_Perspective.png
21,36,1,16,1542.430099,1640.375938,97.945839,65734.4451,6.709958618,23739.44962,1974,0.190983,28464220.65,83.313828,https://raw.githubusercontent.com/abuzreq/ds_datasets/refs/heads/main/facade/Fillet21_Width36_formvariable1_FilletBase16_Perspective.png
7,42,1,16,1696.247718,1881.035662,184.787944,73770.82007,7.530285669,25644.58912,2140,0.514953,26725755.41,80.810965,https://raw.githubusercontent.com/abuzreq/ds_datasets/refs/heads/main/facade/Fillet7_Width42_formvariable1_FilletBase16_Perspective.png
14,42,1,16,1696.247718,1755.101975,58.854257,70860.90688,7.233251183,24666.81188,2058,0.430515,26715257.56,83.425179,https://raw.githubusercontent.com/abuzreq/ds_datasets/refs/heads/main/facade/Fillet14_Width42_formvariable1_FilletBase16_Perspective.png
21,42,1,16,1545.74585,1696.247718,150.501868,66669.84932,6.805441642,23694.27246,1974,0.272036,27480141.87,86.87989,https://raw.githubusercontent.com/abuzreq/ds_datasets/refs/heads/main/facade/Fillet21_Width42_formvariable1_FilletBase16_Perspective.png
7,48,1,16,1696.247718,1881.035662,184.787944,73770.82007,7.530285669,25644.27035,2140,0.520093,26661597.73,80.808715,https://raw.githubusercontent.com/abuzreq/ds_datasets/refs/heads/main/facade/Fillet7_Width48_formvariable1_FilletBase16_Perspective.png
14,48,1,16,1696.247718,1755.101975,58.854257,70860.90688,7.233251183,24666.69868,2058,0.421769,26819598.07,83.393156,https://raw.githubusercontent.com/abuzreq/ds_datasets/refs/heads/main/facade/Fillet14_Width48_formvariable1_FilletBase16_Perspective.png
21,48,1,16,1545.74585,1696.247718,150.501868,66669.84932,6.805441642,23694.27738,1974,0.275076,27445275.94,87.299785,https://raw.githubusercontent.com/abuzreq/ds_datasets/refs/heads/main/facade/Fillet21_Width48_formvariable1_FilletBase16_Perspective.png
7,54,1,16,1624.247718,1869.497839,245.250121,72803.09469,7.431503406,25703.43304,2140,0.51729,26758001.67,77.057427,https://raw.githubusercontent.com/abuzreq/ds_datasets/refs/heads/main/facade/Fillet7_Width54_formvariable1_FilletBase16_Perspective.png
14,54,1,16,1624.247718,1746.830445,122.582727,69893.1815,7.13446892,24716.11221,2058,0.337221,27885157.34,80.021668,https://raw.githubusercontent.com/abuzreq/ds_datasets/refs/heads/main/facade/Fillet14_Width54_formvariable1_FilletBase16_Perspective.png
21,54,1,16,1542.430099,1640.375938,97.945839,65734.4451,6.709958618,23739.4705,1974,0.190476,28470068.71,83.76078,https://raw.githubusercontent.com/abuzreq/ds_datasets/refs/heads/main/facade/Fillet21_Width54_formvariable1_FilletBase16_Perspective.png
7,60,1,16,1506.858346,1857.494832,350.636486,70966.80213,7.244060626,25841.0233,2140,0.503271,27076642.01,72.082447,https://raw.githubusercontent.com/abuzreq/ds_datasets/refs/heads/main/facade/Fillet7_Width60_formvariable1_FilletBase16_Perspective.png
14,60,1,16,1506.858346,1744.515856,237.65751,68082.20122,6.949609936,24839.98057,2058,0.333819,28065817.76,75.18685,https://raw.githubusercontent.com/abuzreq/ds_datasets/refs/heads/main/facade/Fillet14_Width60_formvariable1_FilletBase16_Perspective.png
21,60,1,16,1506.858346,1617.252414,110.394068,64245.01198,6.557922124,23911.11316,1982,0.194248,28632243.01,77.899306,https://raw.githubusercontent.com/abuzreq/ds_datasets/refs/heads/main/facade/Fillet21_Width60_formvariable1_FilletBase16_Perspective.png
7,30,2,16,1506.858346,1867.315395,360.457049,69396.63906,7.083783481,27047.52153,2140,0.46729,28812056.34,61.10427,https://raw.githubusercontent.com/abuzreq/ds_datasets/refs/heads/main/facade/Fillet7_Width30_formvariable2_FilletBase16_Perspective.png
14,30,2,16,1506.858346,1748.867724,242.009378,66489.80751,6.787063559,25836.42739,2058,0.308552,29507761.11,64.238453,https://raw.githubusercontent.com/abuzreq/ds_datasets/refs/heads/main/facade/Fillet14_Width30_formvariable2_FilletBase16_Perspective.png
21,30,2,16,1506.858346,1689.101837,182.243491,64283.33179,6.561833685,25155.69731,2010,0.233333,29646492.39,64.846156,https://raw.githubusercontent.com/abuzreq/ds_datasets/refs/heads/main/facade/Fillet21_Width30_formvariable2_FilletBase16_Perspective.png
7,36,2,16,1624.247718,1868.81352,244.565801,72258.05515,7.37586754,26159.509,2140,0.478505,27724057.88,75.637805,https://raw.githubusercontent.com/abuzreq/ds_datasets/refs/heads/main/facade/Fillet7_Width36_formvariable2_FilletBase16_Perspective.png
14,36,2,16,1624.247718,1750.365848,126.11813,69348.14196,7.078833054,25094.33913,2058,0.314869,28583469.22,80.166595,https://raw.githubusercontent.com/abuzreq/ds_datasets/refs/heads/main/facade/Fillet14_Width36_formvariable2_FilletBase16_Perspective.png
21,36,2,16,1546.646598,1691.831012,145.184414,65741.00284,6.710628011,24162.73053,1987,0.185204,29039356.9,83.056636,https://raw.githubusercontent.com/abuzreq/ds_datasets/refs/heads/main/facade/Fillet21_Width36_formvariable2_FilletBase16_Perspective.png
7,42,2,16,1696.247718,1875.012209,178.764491,73710.26012,7.524103906,25696.01998,2140,0.501402,26947961.29,80.850078,https://raw.githubusercontent.com/abuzreq/ds_datasets/refs/heads/main/facade/Fillet7_Width42_formvariable2_FilletBase16_Perspective.png
14,42,2,16,1696.247718,1751.943384,55.695665,70800.34694,7.227069421,24709.64325,2058,0.341594,27825536.48,83.652821,https://raw.githubusercontent.com/abuzreq/ds_datasets/refs/heads/main/facade/Fillet14_Width42_formvariable2_FilletBase16_Perspective.png
21,42,2,16,1538.352175,1698.358313,160.006138,66609.28938,6.79925988,23728.16625,1974,0.174265,28642759.92,87.214132,https://raw.githubusercontent.com/abuzreq/ds_datasets/refs/heads/main/facade/Fillet21_Width42_formvariable2_FilletBase16_Perspective.png
7,48,2,16,1696.247718,1875.012209,178.764491,73710.26012,7.524103906,25695.8365,2140,0.503738,26918698.97,80.885775,https://raw.githubusercontent.com/abuzreq/ds_datasets/refs/heads/main/facade/Fillet7_Width48_formvariable2_FilletBase16_Perspective.png
14,48,2,16,1696.247718,1751.943384,55.695665,70800.34694,7.227069421,24709.67522,2058,0.34208,27819758.86,83.444008,https://raw.githubusercontent.com/abuzreq/ds_datasets/refs/heads/main/facade/Fillet14_Width48_formvariable2_FilletBase16_Perspective.png
21,48,2,16,1538.352175,1698.358313,160.006138,66609.28938,6.79925988,23728.19095,1974,0.172239,28666070.76,86.970415,https://raw.githubusercontent.com/abuzreq/ds_datasets/refs/heads/main/facade/Fillet21_Width48_formvariable2_FilletBase16_Perspective.png
7,54,2,16,1624.247718,1868.81352,244.565801,72258.05515,7.37586754,26159.56496,2140,0.474299,27777387.37,75.702371,https://raw.githubusercontent.com/abuzreq/ds_datasets/refs/heads/main/facade/Fillet7_Width54_formvariable2_FilletBase16_Perspective.png
14,54,2,16,1624.247718,1750.365848,126.11813,69348.14196,7.078833054,25094.27435,2058,0.315841,28571587.22,79.889206,https://raw.githubusercontent.com/abuzreq/ds_datasets/refs/heads/main/facade/Fillet14_Width54_formvariable2_FilletBase16_Perspective.png
21,54,2,16,1546.646598,1691.831012,145.184414,65741.00284,6.710628011,24162.73105,1987,0.185204,29039357.52,82.958181,https://raw.githubusercontent.com/abuzreq/ds_datasets/refs/heads/main/facade/Fillet21_Width54_formvariable2_FilletBase16_Perspective.png
7,60,2,16,1506.858346,1867.315395,360.457049,69396.63906,7.083783481,27047.58232,2140,0.473832,28726443.45,60.784977,https://raw.githubusercontent.com/abuzreq/ds_datasets/refs/heads/main/facade/Fillet7_Width60_formvariable2_FilletBase16_Perspective.png
14,60,2,16,1506.858346,1748.867724,242.009378,66489.80751,6.787063559,25836.42117,2058,0.306122,29538147.59,63.757969,https://raw.githubusercontent.com/abuzreq/ds_datasets/refs/heads/main/facade/Fillet14_Width60_formvariable2_FilletBase16_Perspective.png
21,60,2,16,1506.858346,1689.101837,182.243491,64283.33179,6.561833685,25155.67467,2010,0.233333,29646465.72,65.248458,https://raw.githubusercontent.com/abuzreq/ds_datasets/refs/heads/main/facade/Fillet21_Width60_formvariable2_FilletBase16_Perspective.png
7,30,3,16,1506.858346,1878.171382,371.313036,69627.31832,7.10733047,26265.35035,2140,0.479439,27824343.72,76.707237,https://raw.githubusercontent.com/abuzreq/ds_datasets/refs/heads/main/facade/Fillet7_Width30_formvariable3_FilletBase16_Perspective.png
14,30,3,16,1506.858346,1754.590119,247.731773,66726.27782,6.81120168,25186.08012,2058,0.319728,28628708.87,81.828169,https://raw.githubusercontent.com/abuzreq/ds_datasets/refs/heads/main/facade/Fillet14_Width30_formvariable3_FilletBase16_Perspective.png
21,30,3,16,1506.858346,1702.406099,195.547753,64431.25983,6.576933699,24565.70212,2011,0.256589,28674554.62,83.841299,https://raw.githubusercontent.com/abuzreq/ds_datasets/refs/heads/main/facade/Fillet21_Width30_formvariable3_FilletBase16_Perspective.png
7,36,3,16,1624.247718,1878.275907,254.028189,72337.3946,7.383966253,25862.96174,2140,0.486916,27304442.37,79.799499,https://raw.githubusercontent.com/abuzreq/ds_datasets/refs/heads/main/facade/Fillet7_Width36_formvariable3_FilletBase16_Perspective.png
14,36,3,16,1624.247718,1754.694644,130.446926,69427.48141,7.086931768,24847.92783,2058,0.325073,28180027.7,83.516741,https://raw.githubusercontent.com/abuzreq/ds_datasets/refs/heads/main/facade/Fillet14_Width36_formvariable3_FilletBase16_Perspective.png
21,36,3,16,1544.715847,1702.433967,157.718121,65782.29172,6.714842646,23953.30856,1985,0.211587,28481672.49,86.689595,https://raw.githubusercontent.com/abuzreq/ds_datasets/refs/heads/main/facade/Fillet21_Width36_formvariable3_FilletBase16_Perspective.png
7,42,3,16,1696.247718,1880.919193,184.671475,73719.07562,7.525003764,25662.18342,2140,0.505607,26860218.86,81.15924,https://raw.githubusercontent.com/abuzreq/ds_datasets/refs/heads/main/facade/Fillet7_Width42_formvariable3_FilletBase16_Perspective.png
14,42,3,16,1696.247718,1755.469191,59.221473,70809.16243,7.227969278,24681.5711,2058,0.358115,27596486.24,83.851033,https://raw.githubusercontent.com/abuzreq/ds_datasets/refs/heads/main/facade/Fillet14_Width42_formvariable3_FilletBase16_Perspective.png
21,42,3,16,1544.254226,1704.254366,160.00014,66618.10487,6.800159737,23705.92048,1974,0.204661,28267018.83,87.418693,https://raw.githubusercontent.com/abuzreq/ds_datasets/refs/heads/main/facade/Fillet21_Width42_formvariable3_FilletBase16_Perspective.png
7,48,3,16,1696.247718,1880.919193,184.671475,73719.07562,7.525003764,25662.04267,2140,0.511215,26790395.5,81.207438,https://raw.githubusercontent.com/abuzreq/ds_datasets/refs/heads/main/facade/Fillet7_Width48_formvariable3_FilletBase16_Perspective.png
14,48,3,16,1696.247718,1755.469191,59.221473,70809.16243,7.227969278,24681.56744,2058,0.357629,27602289.15,83.93629,https://raw.githubusercontent.com/abuzreq/ds_datasets/refs/heads/main/facade/Fillet14_Width48_formvariable3_FilletBase16_Perspective.png
21,48,3,16,1544.254226,1704.254366,160.00014,66618.10487,6.800159737,23705.99072,1974,0.206687,28243843.33,87.682731,https://raw.githubusercontent.com/abuzreq/ds_datasets/refs/heads/main/facade/Fillet21_Width48_formvariable3_FilletBase16_Perspective.png
7,54,3,16,1624.247718,1878.275907,254.028189,72337.3946,7.383966253,25862.819,2140,0.488785,27280884.61,80.029595,https://raw.githubusercontent.com/abuzreq/ds_datasets/refs/heads/main/facade/Fillet7_Width54_formvariable3_FilletBase16_Perspective.png
14,54,3,16,1624.247718,1754.694644,130.446926,69427.48141,7.086931768,24847.85583,2058,0.328474,28139023.17,83.713067,https://raw.githubusercontent.com/abuzreq/ds_datasets/refs/heads/main/facade/Fillet14_Width54_formvariable3_FilletBase16_Perspective.png
21,54,3,16,1544.715847,1702.433967,157.718121,65782.29172,6.714842646,23953.34188,1985,0.208564,28516769.67,86.576289,https://raw.githubusercontent.com/abuzreq/ds_datasets/refs/heads/main/facade/Fillet21_Width54_formvariable3_FilletBase16_Perspective.png
7,60,3,16,1506.858346,1878.171382,371.313036,69627.31832,7.10733047,26265.28261,2140,0.477103,27853986.09,77.256813,https://raw.githubusercontent.com/abuzreq/ds_datasets/refs/heads/main/facade/Fillet7_Width60_formvariable3_FilletBase16_Perspective.png
14,60,3,16,1506.858346,1754.590119,247.731773,66726.27782,6.81120168,25186.02508,2058,0.3207,28616794.92,81.993237,https://raw.githubusercontent.com/abuzreq/ds_datasets/refs/heads/main/facade/Fillet14_Width60_formvariable3_FilletBase16_Perspective.png
21,60,3,16,1506.858346,1702.406099,195.547753,64431.25983,6.576933699,24565.63642,2011,0.253108,28715881.6,84.186154,https://raw.githubusercontent.com/abuzreq/ds_datasets/refs/heads/main/facade/Fillet21_Width60_formvariable3_FilletBase16_Perspective.png
7,30,4,16,740.083703,1882.426968,1142.343265,65540.61477,6.690173048,26390.09178,2169,0.552789,27019216.24,27.671053,https://raw.githubusercontent.com/abuzreq/ds_datasets/refs/heads/main/facade/Fillet7_Width30_formvariable4_FilletBase16_Perspective.png
14,30,4,16,740.083703,1756.493281,1016.409578,62888.42081,6.419445704,25456.09113,2093,0.412805,27788378.69,28.914596,https://raw.githubusercontent.com/abuzreq/ds_datasets/refs/heads/main/facade/Fillet14_Width30_formvariable4_FilletBase16_Perspective.png
21,30,4,16,740.083703,1602.819491,862.735787,59407.65217,6.064140148,24633.50393,2023,0.293129,28317861.49,29.976037,https://raw.githubusercontent.com/abuzreq/ds_datasets/refs/heads/main/facade/Fillet21_Width30_formvariable4_FilletBase16_Perspective.png
7,36,4,16,1378.125608,1882.464079,504.338472,70690.30837,7.215837042,25821.72165,2144,0.516325,26893209.9,66.176537,https://raw.githubusercontent.com/abuzreq/ds_datasets/refs/heads/main/facade/Fillet7_Width36_formvariable4_FilletBase16_Perspective.png
14,36,4,16,1378.125608,1756.530392,378.404785,67836.4304,6.924522449,24847.40437,2062,0.35645,27801931.87,68.547848,https://raw.githubusercontent.com/abuzreq/ds_datasets/refs/heads/main/facade/Fillet14_Width36_formvariable4_FilletBase16_Perspective.png
21,36,4,16,1378.125608,1629.37214,251.246533,63819.41026,6.514478083,23906.67334,1982,0.208375,28463396.25,71.303782,https://raw.githubusercontent.com/abuzreq/ds_datasets/refs/heads/main/facade/Fillet21_Width36_formvariable4_FilletBase16_Perspective.png
7,42,4,16,1659.962521,1882.482635,222.520114,73506.08042,7.503261905,25650.35074,2140,0.504673,26859441.14,78.821835,https://raw.githubusercontent.com/abuzreq/ds_datasets/refs/heads/main/facade/Fillet7_Width42_formvariable4_FilletBase16_Perspective.png
14,42,4,16,1659.12154,1756.548948,97.427408,70596.16723,7.20622742,24672.78942,2058,0.374636,27389299.51,81.376944,https://raw.githubusercontent.com/abuzreq/ds_datasets/refs/heads/main/facade/Fillet14_Width42_formvariable4_FilletBase16_Perspective.png
21,42,4,16,1547.192823,1685.116975,137.924152,66405.10967,6.778417879,23699.9254,1974,0.221378,28068030.57,85.235069,https://raw.githubusercontent.com/abuzreq/ds_datasets/refs/heads/main/facade/Fillet21_Width42_formvariable4_FilletBase16_Perspective.png
7,48,4,16,1659.962521,1882.482635,222.520114,73506.08042,7.503261905,25650.31122,2140,0.5,26917436.6,79.008921,https://raw.githubusercontent.com/abuzreq/ds_datasets/refs/heads/main/facade/Fillet7_Width48_formvariable4_FilletBase16_Perspective.png
14,48,4,16,1659.12154,1756.548948,97.427408,70596.16723,7.20622742,24672.74026,2058,0.376093,27371830.15,81.659409,https://raw.githubusercontent.com/abuzreq/ds_datasets/refs/heads/main/facade/Fillet14_Width48_formvariable4_FilletBase16_Perspective.png
21,48,4,16,1547.192823,1685.116975,137.924152,66405.10967,6.778417879,23699.84708,1974,0.230496,27963298.3,85.025604,https://raw.githubusercontent.com/abuzreq/ds_datasets/refs/heads/main/facade/Fillet21_Width48_formvariable4_FilletBase16_Perspective.png
7,54,4,16,1378.125608,1882.464079,504.338472,70690.30837,7.215837042,25821.75662,2144,0.517257,26881583.17,66.454635,https://raw.githubusercontent.com/abuzreq/ds_datasets/refs/heads/main/facade/Fillet7_Width54_formvariable4_FilletBase16_Perspective.png
14,54,4,16,1378.125608,1756.530392,378.404785,67836.4304,6.924522449,24847.40893,2062,0.35451,27825275.7,68.588439,https://raw.githubusercontent.com/abuzreq/ds_datasets/refs/heads/main/facade/Fillet14_Width54_formvariable4_FilletBase16_Perspective.png
21,54,4,16,1378.125608,1629.37214,251.246533,63819.41026,6.514478083,23906.6384,1982,0.209384,28451673.92,71.07248,https://raw.githubusercontent.com/abuzreq/ds_datasets/refs/heads/main/facade/Fillet21_Width54_formvariable4_FilletBase16_Perspective.png
7,60,4,16,740.083703,1882.426968,1142.343265,65540.61477,6.690173048,26390.19119,2169,0.558783,26942731.71,28.652999,https://raw.githubusercontent.com/abuzreq/ds_datasets/refs/heads/main/facade/Fillet7_Width60_formvariable4_FilletBase16_Perspective.png
14,60,4,16,740.083703,1756.493281,1016.409578,62888.42081,6.419445704,25456.19351,2093,0.410416,27817935.95,29.969611,https://raw.githubusercontent.com/abuzreq/ds_datasets/refs/heads/main/facade/Fillet14_Width60_formvariable4_FilletBase16_Perspective.png
21,60,4,16,740.083703,1602.819491,862.735787,59407.65217,6.064140148,24633.59137,2023,0.291152,28341545.96,30.570838,https://raw.githubusercontent.com/abuzreq/ds_datasets/refs/heads/main/facade/Fillet21_Width60_formvariable4_FilletBase16_Perspective.png
7,30,5,16,1368.745842,1878.319122,509.57328,65846.16096,6.72136221,26970.78061,2141,0.483886,28513573.5,71.249133,https://raw.githubusercontent.com/abuzreq/ds_datasets/refs/heads/main/facade/Fillet7_Width30_formvariable5_FilletBase16_Perspective.png
14,30,5,16,1367.990244,1754.737859,386.747615,63502.70578,6.482149918,25870.17365,2074,0.356316,28947990.87,73.633433,https://raw.githubusercontent.com/abuzreq/ds_datasets/refs/heads/main/facade/Fillet14_Width30_formvariable5_FilletBase16_Perspective.png
21,30,5,16,1367.990244,1589.59549,221.605246,61912.47733,6.319824564,25335.75633,2041,0.307202,28952501.95,75.025326,https://raw.githubusercontent.com/abuzreq/ds_datasets/refs/heads/main/facade/Fillet21_Width30_formvariable5_FilletBase16_Perspective.png
7,36,5,16,1627.613039,1878.329093,250.716054,70969.79399,7.244366026,26134.88778,2140,0.488785,27567871,76.379274,https://raw.githubusercontent.com/abuzreq/ds_datasets/refs/heads/main/facade/Fillet7_Width36_formvariable5_FilletBase16_Perspective.png
14,36,5,16,1571.326844,1754.747831,183.420987,68059.88081,6.947331541,25040.51803,2058,0.334305,28286506.51,79.619546,https://raw.githubusercontent.com/abuzreq/ds_datasets/refs/heads/main/facade/Fillet14_Width36_formvariable5_FilletBase16_Perspective.png
21,36,5,16,1540.093299,1663.095501,123.002202,64997.85778,6.634770177,24220.61888,1997,0.22033,28696976.15,82.502807,https://raw.githubusercontent.com/abuzreq/ds_datasets/refs/heads/main/facade/Fillet21_Width36_formvariable5_FilletBase16_Perspective.png
7,42,5,16,1697.583027,1879.866833,182.283806,73567.12,7.509492628,25693.74132,2140,0.500935,26951385.13,80.74314,https://raw.githubusercontent.com/abuzreq/ds_datasets/refs/heads/main/facade/Fillet7_Width42_formvariable5_FilletBase16_Perspective.png
14,42,5,16,1696.742046,1754.753364,58.011318,70657.20681,7.212458142,24703.90214,2058,0.368319,27499397.14,83.468799,https://raw.githubusercontent.com/abuzreq/ds_datasets/refs/heads/main/facade/Fillet14_Width42_formvariable5_FilletBase16_Perspective.png
21,42,5,16,1540.059679,1700.0723,160.012621,66466.14925,6.784648601,23718.88364,1974,0.193516,28410471.61,86.915209,https://raw.githubusercontent.com/abuzreq/ds_datasets/refs/heads/main/facade/Fillet21_Width42_formvariable5_FilletBase16_Perspective.png
7,48,5,16,1697.583027,1879.866833,182.283806,73567.12,7.509492628,25693.5915,2140,0.507944,26864025.83,80.629626,https://raw.githubusercontent.com/abuzreq/ds_datasets/refs/heads/main/facade/Fillet7_Width48_formvariable5_FilletBase16_Perspective.png
14,48,5,16,1696.742046,1754.753364,58.011318,70657.20681,7.212458142,24703.92156,2058,0.367347,27511043.29,83.339217,https://raw.githubusercontent.com/abuzreq/ds_datasets/refs/heads/main/facade/Fillet14_Width48_formvariable5_FilletBase16_Perspective.png
21,48,5,16,1540.059679,1700.0723,160.012621,66466.14925,6.784648601,23718.88313,1974,0.198075,28358109.22,87.154123,https://raw.githubusercontent.com/abuzreq/ds_datasets/refs/heads/main/facade/Fillet21_Width48_formvariable5_FilletBase16_Perspective.png
7,54,5,16,1627.613039,1878.329093,250.716054,70969.79399,7.244366026,26134.9597,2140,0.489252,27562033.53,76.610218,https://raw.githubusercontent.com/abuzreq/ds_datasets/refs/heads/main/facade/Fillet7_Width54_formvariable5_FilletBase16_Perspective.png
14,54,5,16,1571.326844,1754.747831,183.420987,68059.88081,6.947331541,25040.31667,2058,0.332847,28303953.28,79.562311,https://raw.githubusercontent.com/abuzreq/ds_datasets/refs/heads/main/facade/Fillet14_Width54_formvariable5_FilletBase16_Perspective.png
21,54,5,16,1540.093299,1663.095501,123.002202,64997.85778,6.634770177,24220.58245,1997,0.21983,28702805.61,82.574861,https://raw.githubusercontent.com/abuzreq/ds_datasets/refs/heads/main/facade/Fillet21_Width54_formvariable5_FilletBase16_Perspective.png
7,60,5,16,1368.745842,1878.319122,509.57328,65846.16096,6.72136221,26971.78244,2141,0.482018,28539031.97,71.249983,https://raw.githubusercontent.com/abuzreq/ds_datasets/refs/heads/main/facade/Fillet7_Width60_formvariable5_FilletBase16_Perspective.png
14,60,5,16,1367.990244,1754.737859,386.747615,63502.70578,6.482149918,25869.79756,2074,0.360656,28893213.53,73.381884,https://raw.githubusercontent.com/abuzreq/ds_datasets/refs/heads/main/facade/Fillet14_Width60_formvariable5_FilletBase16_Perspective.png
21,60,5,16,1367.990244,1589.59549,221.605246,61912.47733,6.319824564,25335.72972,2041,0.306712,28958482.11,74.771091,https://raw.githubusercontent.com/abuzreq/ds_datasets/refs/heads/main/facade/Fillet21_Width60_formvariable5_FilletBase16_Perspective.png
7,30,6,16,1022.946453,1849.255538,826.309085,67330.92471,6.872922071,26689.91939,2140,0.482243,28237879.83,77.651387,https://raw.githubusercontent.com/abuzreq/ds_datasets/refs/heads/main/facade/Fillet7_Width30_formvariable6_FilletBase16_Perspective.png
14,30,6,16,1013.97881,1741.308021,727.329211,65141.12399,6.649394327,25771.9972,2077,0.362061,28766451.38,80.125972,https://raw.githubusercontent.com/abuzreq/ds_datasets/refs/heads/main/facade/Fillet14_Width30_formvariable6_FilletBase16_Perspective.png
21,30,6,16,1013.97881,1704.70301,690.7242,63194.33161,6.450672085,25237.42083,2038,0.284102,29122413.41,82.303708,https://raw.githubusercontent.com/abuzreq/ds_datasets/refs/heads/main/facade/Fillet21_Width30_formvariable6_FilletBase16_Perspective.png
7,36,6,16,1572.115352,1852.753327,280.637974,71529.87577,7.301537354,26030.74662,2140,0.490654,27434460.72,79.283041,https://raw.githubusercontent.com/abuzreq/ds_datasets/refs/heads/main/facade/Fillet7_Width36_formvariable6_FilletBase16_Perspective.png
14,36,6,16,1454.692881,1743.666466,288.973585,68633.73905,7.005909126,24966.47555,2058,0.333333,28214614.02,83.283434,https://raw.githubusercontent.com/abuzreq/ds_datasets/refs/heads/main/facade/Fillet14_Width36_formvariable6_FilletBase16_Perspective.png
21,36,6,16,1454.692881,1705.051623,250.358743,66160.85047,6.753484693,24332.26498,2007,0.238665,28613248.77,85.508434,https://raw.githubusercontent.com/abuzreq/ds_datasets/refs/heads/main/facade/Fillet21_Width36_formvariable6_FilletBase16_Perspective.png
7,42,6,16,1705.22593,1864.607233,159.381303,73629.3513,7.515844996,25681.4006,2140,0.509346,26833847.45,81.211103,https://raw.githubusercontent.com/abuzreq/ds_datasets/refs/heads/main/facade/Fillet7_Width42_formvariable6_FilletBase16_Perspective.png
14,42,6,16,1704.85181,1746.928178,42.076368,70719.43812,7.218810512,24694.77991,2058,0.369291,27477622.41,83.987578,https://raw.githubusercontent.com/abuzreq/ds_datasets/refs/heads/main/facade/Fillet14_Width42_formvariable6_FilletBase16_Perspective.png
21,42,6,16,1548.727928,1705.22593,156.498002,66773.80135,6.816052728,23761.90751,1980,0.220707,28149154.89,87.194258,https://raw.githubusercontent.com/abuzreq/ds_datasets/refs/heads/main/facade/Fillet21_Width42_formvariable6_FilletBase16_Perspective.png
7,48,6,16,1705.22593,1864.607233,159.381303,73629.3513,7.515844996,25681.59311,2140,0.503738,26903777.74,81.048797,https://raw.githubusercontent.com/abuzreq/ds_datasets/refs/heads/main/facade/Fillet7_Width48_formvariable6_FilletBase16_Perspective.png
14,48,6,16,1704.85181,1746.928178,42.076368,70719.43812,7.218810512,24694.78641,2058,0.372206,27442768.98,83.849086,https://raw.githubusercontent.com/abuzreq/ds_datasets/refs/heads/main/facade/Fillet14_Width48_formvariable6_FilletBase16_Perspective.png
21,48,6,16,1548.727928,1705.22593,156.498002,66773.80135,6.816052728,23761.89564,1980,0.228283,28061977.89,87.282217,https://raw.githubusercontent.com/abuzreq/ds_datasets/refs/heads/main/facade/Fillet21_Width48_formvariable6_FilletBase16_Perspective.png
7,54,6,16,1572.115352,1852.753327,280.637974,71529.87577,7.301537354,26031.04546,2140,0.490654,27434775.68,79.072161,https://raw.githubusercontent.com/abuzreq/ds_datasets/refs/heads/main/facade/Fillet7_Width54_formvariable6_FilletBase16_Perspective.png
14,54,6,16,1454.692881,1743.666466,288.973585,68633.73905,7.005909126,24966.71707,2058,0.330904,28244257.43,83.478338,https://raw.githubusercontent.com/abuzreq/ds_datasets/refs/heads/main/facade/Fillet14_Width54_formvariable6_FilletBase16_Perspective.png
21,54,6,16,1454.692881,1705.051623,250.358743,66160.85047,6.753484693,24332.26385,2007,0.238665,28613247.44,85.478792,https://raw.githubusercontent.com/abuzreq/ds_datasets/refs/heads/main/facade/Fillet21_Width54_formvariable6_FilletBase16_Perspective.png
7,60,6,16,1022.946453,1849.255538,826.309085,67330.92471,6.872922071,26690.33219,2140,0.478505,28286628.57,77.701689,https://raw.githubusercontent.com/abuzreq/ds_datasets/refs/heads/main/facade/Fillet7_Width60_formvariable6_FilletBase16_Perspective.png
14,60,6,16,1013.97881,1741.308021,727.329211,65141.12399,6.649394327,25772.03489,2077,0.359172,28802542.03,80.195881,https://raw.githubusercontent.com/abuzreq/ds_datasets/refs/heads/main/facade/Fillet14_Width60_formvariable6_FilletBase16_Perspective.png
21,60,6,16,1013.97881,1704.70301,690.7242,63194.33161,6.450672085,25237.25922,2038,0.287537,29080254.82,82.275989,https://raw.githubusercontent.com/abuzreq/ds_datasets/refs/heads/main/facade/Fillet21_Width60_formvariable6_FilletBase16_Perspective.png
