id,url,region,region_url,price,year,manufacturer,model,condition,cylinders,fuel,odometer,title_status,transmission,drive,size,type,paint_color,image_url,description,state,lat,long,img
7074727928,https://westslope.craigslist.org/ctd/d/grand-junction-2009-toyota-rav4-4x4/7074727928.html,western slope,https://westslope.craigslist.org,8900,2009,toyota,rav4,UNK,4,gas,144668,clean,automatic,4wd,,UNK,silver,https://images.craigslist.org/00t0t_hwlGwTRYSgz_600x450.jpg,"2009 TOYOTA RAV4    2009 Toyota Rav4 limited. 4x4 2.5l 4cyl Auto. This Suv is a great all around vehicle for Colorado. The Limited package has many convenient options like keyless entry and push button start so you never have to see a key if you choose, leather power heated seats that are easy to get in and out of. Digital dual climate control. Folding 60/40 rear seats with a AC/DC converted receptacle for countless options. Sunroof, XM Satellite radio Fog lights, Alloy wheels, Steering wheel controls JBL Audio system with subwoofer. Come check this SUV out!   Works great for first time buyers, ask dealer for details.         Vehicle Information  Make: TOYOTA Model: RAV4 Trim: LIMITED Exterior Color: SILVER Engine: 2.5L Fuel: Gasoline Transmission: Automatic Drive: AWD Miles: 144,668 VIN: 2T3BF31V69W012150 Stock #: 0173    Dealership Info  LIGHTHOUSE AUTO SALES LLC 1346 PITKIN AVE GRAND JUNCTION, CO 81501  TEXT: 970-852-2445 PHONE: 970-852-2445  Price:  $8,900 + $100 DH = Total asking price of $9,000.00       Features Air Conditioning; Power Windows; Power Locks; Power Steering; Tilt Wheel; AM/FM CD/MP3; Satellite; AM/FM CD/DVD; Immobilizer; Keyless Entry; Alarm; Daytime Running Lights; Dual Front Airbags; Side Airbags; Head Airbags; Rear Head Airbags; Active Seatbelts; All Wheel ABS        LIGHTHOUSE AUTO SALES LLC   WEBSITE: lighthousedealership.com 2009 TOYOTA RAV4 - Stock # 0173 Offered by: LIGHTHOUSE AUTO SALES LLC 68259-0173-79938-5524046",co,39.0645,-108.55,https://raw.githubusercontent.com/abuzreq/ds_datasets/refs/heads/main/used_cars/7074727928.png
7092355781,https://omaha.craigslist.org/ctd/d/lincoln-2015-ford-taurus-sho-awd/7092355781.html,omaha / council bluffs,https://omaha.craigslist.org,18500,2015,ford,taurus,UNK,0,gas,0,clean,automatic,UNK,,UNK,UNK,https://images.craigslist.org/00909_2BmJwUdX8KZ_600x450.jpg,"2015 Ford Taurus SHO AWD 34,334 Miles 4 Brand New Tires! Full Synthetic Oil Change! Runs & Drives Excellent! Website: Sabahauto.com   ***Free 3 Month/5K Mile Power-train Warranty Included!***   Engine -3.5L 6 Cylinder Twin Turbo Ecoboost -365 HP 350 Lb-Ft TQ   Options & Features -Remote Start -Navigation -Blind Spot Alert  -Leather Interior -Back Up Camera/Sensors -Heated/Cooled Seats! -Heated Rear Seats! -Heated Steering Wheel! -Ice Cold A/C, Heater Works Excellent! -Power Windows, Locks, Mirrors, Seats -CD, AM/FM/XM Radio, USB, Bluetooth -Keyless Entry -Sunroof  -Tinted Windows -All Wheel Drive -Adaptive Cruise Control   -Traction/Stability Control -MPG 16 City / 24 Hwy   **Vehicle Does Come With A Nebraska Certificate Of Title With Previously Salvaged Brands Due To A Light Front Left Hit; Everything Professionally Fixed And Passed Inspection.**    Asking $18,500 O.B.O If Interested Please Text/Call ‪402-419-8300‬ To Schedule An Appointment To See The Vehicle.    Sabah Tire & Auto 140 W Cornhusker Hwy Lincoln, NE 68521 Mon-Sat: 9AM-5PM Sun: By Appointment Website: Sabahauto.com",ia,40.851,-96.711,https://raw.githubusercontent.com/abuzreq/ds_datasets/refs/heads/main/used_cars/7092355781.png
7092346754,https://omaha.craigslist.org/ctd/d/lincoln-2011-ford-edge-limited-awd/7092346754.html,omaha / council bluffs,https://omaha.craigslist.org,7995,2011,ford,edge,UNK,0,gas,0,clean,automatic,UNK,,UNK,UNK,https://images.craigslist.org/00X0X_515DsmBIPus_600x450.jpg,"2011 Ford Edge Limited AWD 130,140 Miles Full Synthetic Oil Change! Runs & Drives Excellent! Website: Sabahauto.com   **Free 3 Month/5K Mile Power-Train Warranty Included!**   Engine -3.5L 6 Cylinder -285 HP 253 Lb-Ft TQ   Options & Features -Remote Start -Push To Start -Navigation -Back Up Camera/Sensors -Leather Interior -Heated Seats -Ice Cold A/C, Heater Works Excellent! -Power Windows, Mirrors, Locks, Seats, Lift-gate -CD, AM/FM/XM Radio, USB, Bluetooth -LED Running Lights -Keyless Entry -Cruise Control -Traction/Stability Control -MPG 18 City / 25 Hwy   **Vehicle Does Come With A Nebraska Certificate Of Title With Previously Salvaged Brands Due To A Rear End Hit; Everything Professionally Fixed And Passed Inspection.**    Asking $7,995 O.B.O If Interested Please Text/Call 402-419-8300 To Schedule An Appointment To See The Vehicle.    Sabah Tire & Auto 140 W Cornhusker Hwy Lincoln, NE 68521 Mon-Sat 9AM-5PM Sun-By Appointment Website: Sabahauto.com",ia,40.851,-96.711,https://raw.githubusercontent.com/abuzreq/ds_datasets/refs/heads/main/used_cars/7092346754.png
7092253096,https://omaha.craigslist.org/ctd/d/omaha-2012-chevrolet-malibu-ls-83k/7092253096.html,omaha / council bluffs,https://omaha.craigslist.org,6300,2012,chevrolet,malibu ls,excellent,4,gas,83000,rebuilt,automatic,fwd,mid-size,sedan,UNK,https://images.craigslist.org/00t0t_k2Vh0DQZNn8_600x450.jpg,"OPTIMUS AUTO 8914 L Street Omaha, NE 68127  ***We're Open 7 DAYS a Week***  Please visit our website for full inventory! WWW.OPTIMUSAUTO.NET  CALL/TEXT (402) 718-2606  We have third party FINANCING available with a reliable local lender that gets you approved quick and easy!!! Get Pre-Approved now at www.optimusauto.net/finance  Like us on FACEBOOK www.facebook.com/optimusauto.net  ***Well Maintained*** **Comfortable Drive** **Decent Tires** **Low Miles**  Check out this great looking 2012 Chevrolet Malibu LS with ONLY 83K miles. Runs and drives great with no mechanical issues. Under the hood it has a powerful 2.4L I4 engine that gives you the best comfortable and smooth drive. Hurry in to test drive and make it yours today before it's gone.  Options for *Malibu LS* 2.4L I4-cylinder Engine, 4 Doors, Cruise Control, AM/FM/CD, 4-Wheel Abs Brakes, Automatic Transmission, Front Seat Type - Bucket, Front-Wheel Drive, Intermittent Window Wipers, Remote Start and much more!!!  Car holds a previously salvaged title due to slight side impact.  Pictures prior to repair are available!                                *Cruze* *Honda* *Sentra* *Accord* *Hyundai* *Elantra* *Mazda* *Ford* *Focus* *Kia* *Spectra* *Nissan* *Altima* *Legacy* *Volkswagen* *Passat* *Buick* *Regal* *Chrysler* *Honda* *CR-V* *Hyundai* *Ford* *Escape* *Kia* *Sportage* *Mazda* *Nissan* *Rogue* *GMC* *Volkswagen* *Toyota* *RAV4* *Subaru* *Hybrid* *Jeep* *camry* *altima* *sonic* *spark* *fiesta* *cruze* *focus* *fusion* *sentra* *civic*",ia,41.2129,-96.049,https://raw.githubusercontent.com/abuzreq/ds_datasets/refs/heads/main/used_cars/7092253096.png
7092377221,https://omaha.craigslist.org/ctd/d/offutt-afb-2017-chevrolet-malibu-low/7092377221.html,omaha / council bluffs,https://omaha.craigslist.org,11499,2017,chevrolet,malibu,like new,4,gas,35034,clean,automatic,fwd,mid-size,sedan,black,https://images.craigslist.org/00505_bV7xo1fkEZn_600x450.jpg,"2017 CHEVROLET MALIBU    NICE LOOKING AND RUNNING MALIBU, ONLY 35K MILES: ONE OWNER! Engine, ECOTEC 1.4L DOHC 4-cylinder DI with Variable Valve Timing and intake Variable Valve Lif, 6-Speed A/T  w/Dual Shift Mode, Front wheel drive, Adjustable Steering Wheel, Automatic Sunroof! Automatic Headlights, Back-Up Camera, Cruise Control,  Navigation from Telematics, Aluminum Wheels, Auto-Dimming Rear view Mirror, Heated Mirrors, Bluetooth Connection, Air Conditioning; Power Windows; Power Locks; Power Steering; Tilt Wheel; AM/FM CD/MP3; Satellite; AM/FM CD/DVD; Sentry Key; Keyless Entry; Alarm; Daytime Running Lights; Dual Airbags Front Head and Side; Active Seatbelts, All Wheel ABS, And Much More;;;This car has original Nebraska Title with previous salvage legend, It was in a minor accident, but was repaired professionally and has already passed inspection by Nebraska DMV. We confidently stand behind our vehicles and a 3 month /5000 mile warranty is included at no additional cost! For more info call 402-614-0400 Y Hablamos Espanol! Or come take a look and see for yourself! Disclosure: Title type : Nebraska Original Legends: Previously salvaged  FINANCING AVAILABLE: Global Auto offers financing through third party. To check your loan pre-approval eligibility you can fill up your application online by going to our website: https://www.globalautosalesinc.com/      Vehicle Information  Make: CHEVROLET Model: MALIBU Trim: LS Exterior Color: BLACK Engine: 1.5L Fuel: Gasoline Transmission: Automatic Drive: FWD Miles:  35,034 VIN: 1G1ZB5ST6HF232268 Stock #: 11157    Dealership Info  GLOBAL AUTO SALES, INC. 709 FORT CROOK RD N BELLEVUE, NE 68005  Phone: 4027070193  Price:  $11,499.00       Features         GLOBAL AUTO SALES, INC.    2017 CHEVROLET MALIBU - Stock # 11157 Offered by: GLOBAL AUTO SALES, INC. 48937-11157-79988-6232705",ia,41.1497,-95.9099,https://raw.githubusercontent.com/abuzreq/ds_datasets/refs/heads/main/used_cars/7092377221.png
7092376978,https://omaha.craigslist.org/ctd/d/offutt-afb-2016-chevrolet-malibu/7092376978.html,omaha / council bluffs,https://omaha.craigslist.org,8999,2016,chevrolet,malibu limited,like new,4,gas,75258,clean,automatic,fwd,mid-size,sedan,black,https://images.craigslist.org/00w0w_hibjmbc5kh6_600x450.jpg,"2016 CHEVROLET MALIBU LIMITED    * Vehicle Details: * Year: 2016 Make: Chevy Model: Malibu LT *Limited* Miles: 75,258 VIN: 1G11C5SA7GU122249 Exterior Color: Black Interior Color: Black Engine: 2.5L EcoBoost Doors: 4 Drivetrain: FWD  SPECS: 2.5L EcoBoost Engine, 4 Cylinder, 6 Speed Transmission, AUX, USB, Hands Free , Air Conditioning; Power Windows; Power Locks; Power Steering;Telescoping Steering Wheel, Tire Pressure Monitor, Tilt Wheel; AM/FM CD/MP3; Satellite; Keyless Entry; Alarm; Daytime Running Lights; Dual Front Airbags; Side Airbags; Head Airbags; Rear Head Airbags; Active Seatbelts; All Wheel ABS, Not actual miles. This car has original Nebraska Title with Previously Salvage Legend, We confidently stand behind our vehicles and a 3 month /5000 mile warranty is included at no additional cost!  *Title Status-Clean *Legends- Previously Salvaged  *FINANCING AVAILABLE: Global Auto offers financing through third party. To check your loan pre-approval eligibility you can fill up your application online by going to our website: https://www.globalautosalesinc.com  *Global Auto Sales 709 Ft Crook Rd N Bellevue NE *Call or text 402-707-0193 - Or for Spanish/Espanol Llamen a 402-614-0400!       Vehicle Information  Make: CHEVROLET Model: MALIBU LIMITED Trim: LT Exterior Color: BLACK Engine: 2.5L Fuel: Gasoline Transmission: Automatic Drive: FWD Miles:  75,258 VIN: 1G11C5SA7GU122249 Stock #: 11163    Dealership Info  GLOBAL AUTO SALES, INC. 709 FORT CROOK RD N BELLEVUE, NE 68005  Phone: 4027070193  Price:   $8,999.00       Features         GLOBAL AUTO SALES, INC.    2016 CHEVROLET MALIBU LIMITED - Stock # 11163 Offered by: GLOBAL AUTO SALES, INC. 48937-11163-80044-3996375",ia,41.1497,-95.9099,https://raw.githubusercontent.com/abuzreq/ds_datasets/refs/heads/main/used_cars/7092376978.png
7092375326,https://omaha.craigslist.org/ctd/d/offutt-afb-2015-nissan-altima-low-miles/7092375326.html,omaha / council bluffs,https://omaha.craigslist.org,9499,2015,nissan,altima,like new,4,gas,51848,clean,automatic,fwd,mid-size,sedan,grey,https://images.craigslist.org/00C0C_3TlqXrAjtcI_600x450.jpg,"2015 NISSAN ALTIMA    * Vehicle Details: * Year: 2015 Make: Nissan Model: Altima Miles: 51,848 VIN: 1N4AL3AP3FC187501 Exterior Color: Grey Interior Color: Black Engine: 2.5L Doors: 4 Drivetrain: FWD  SPECS: 2.5L DOHC 16-Valve I-4 , 4 Cylinder Engine, Front-Wheel Drive , CVT Transmission , Brake Assist , Child Safety Locks , Stability Control , Traction Control , Bluetooth Connection , Tire Pressure Monitor , Speed Sensitive Variable Intermittent Wipers ,Back Up Camera , Air Conditioning; Power Windows; Power Locks; Power Steering; Tilt Wheel; AM/FM CD/MP3; Satellite; Immobilizer; Keyless Entry; Dual Front Airbags; Side Airbags; Head Airbags; Rear Head Airbags; Active Seatbelts; All Wheel ABS,This car has original Nebraska Title with previous salvage legend, It was in a minor accident, but was repaired professionally and has already passed inspection by Nebraska DMV. We confidently stand behind our vehicles and a 3 month / 5000 mile warranty is included at no additional cost!  *FINANCING AVAILABLE: Global Auto offers financing through third party. To check your loan pre-approval eligibility you can fill up your application online by going to our website: https://www.globalautosalesinc.com  *Global Auto Sales 709 Ft Crook Rd N Bellevue NE *Call or text 402-707-0193 - Or for Spanish/Espanol Llamen a 402-614-0400!       Vehicle Information  Make: NISSAN Model: ALTIMA Trim: 2.5 Exterior Color: GRAY Engine: 2.5L Fuel: Gasoline Transmission: Continuously Variable Drive: FWD Miles:  51,848 VIN: 1N4AL3AP3FC187501 Stock #: 11195    Dealership Info  GLOBAL AUTO SALES, INC. 709 FORT CROOK RD N BELLEVUE, NE 68005  Phone: 4027070193  Price:   $9,499.00       Features         GLOBAL AUTO SALES, INC.    2015 NISSAN ALTIMA - Stock # 11195 Offered by: GLOBAL AUTO SALES, INC. 48937-11195-79996-6212160",ia,41.1497,-95.9099,https://raw.githubusercontent.com/abuzreq/ds_datasets/refs/heads/main/used_cars/7092375326.png
7092374045,https://omaha.craigslist.org/ctd/d/offutt-afb-2016-toyota-corolla-low/7092374045.html,omaha / council bluffs,https://omaha.craigslist.org,9249,2016,toyota,corolla s,excellent,4,gas,64339,clean,automatic,fwd,mid-size,sedan,red,https://images.craigslist.org/00C0C_2N9Wi1ncmdn_600x450.jpg,"2016 TOYOTA COROLLA S    * Vehicle Details: * Year: 2016 Make: Toyota Model: Corolla S Miles: 64,339 VIN: 2T1BURHE9GC555627 Exterior Color: Red Interior Color: Black Engine: 1.8L Doors: 4 Drivetrain: FWD  SPECS: 1.8L Engine, 4 Cylinder, 4 Speed Transmisson, Manual Paddle Shifters! Back-Up Camera! Fog lights, AUX, USB, Air Conditioning; Power Windows; Power Locks; Power Steering;Telescoping Steering Wheel, Tire Pressure Monitor, Tilt Wheel; AM/FM CD/MP3; Satellite; Keyless Entry; Alarm; Daytime Running Lights; Dual Front Airbags; Side Airbags; Head Airbags; Rear Head Airbags; Active Seatbelts; All Wheel ABS, This car has original Nebraska Title with Previous Salvage legend, We confidently stand behind our vehicles and a 3 month /5000 mile warranty is included at no additional cost!  *Title Status-Clean *Legends-Previously Salvaged  *FINANCING AVAILABLE: Global Auto offers financing through third party. To check your loan pre-approval eligibility you can fill up your application online by going to our website: https://www.globalautosalesinc.com  *Global Auto Sales 709 Ft Crook Rd N Bellevue NE *Call or text 402-707-0193 - Or for Spanish/Espanol Llamen a 402-614-0400!      Vehicle Information  Make: TOYOTA Model: COROLLA S Trim: S Exterior Color: RED Engine: 1.8L Fuel: Gasoline Transmission: Automatic Drive: FWD Miles:  64,339 VIN: 2T1BURHE9GC555627 Stock #: 11244    Dealership Info  GLOBAL AUTO SALES, INC. 709 FORT CROOK RD N BELLEVUE, NE 68005  Phone: 4027070193  Price:   $9,249.00       Features         GLOBAL AUTO SALES, INC.    2016 TOYOTA COROLLA S - Stock # 11244 Offered by: GLOBAL AUTO SALES, INC. 48937-11244-80055-7042484",ia,41.1497,-95.9099,https://raw.githubusercontent.com/abuzreq/ds_datasets/refs/heads/main/used_cars/7092374045.png
7085529032,https://quadcities.craigslist.org/cto/d/maquoketa-40s-plymouth-2-door-sedan/7085529032.html,"quad cities, IA/IL",https://quadcities.craigslist.org,1950,1942,UNK,plymouth,fair,6,gas,0,clean,manual,rwd,full-size,sedan,blue,https://images.craigslist.org/00b0b_jKSAjz6nO2o_600x450.jpg,1940s plymouth 2 door sedan. Good body. New rockers. Floor pans need lil work. Clean up to date title. Got orginal motor n tranny i pulled out. $1950 cash only. Louvered hood. make great rat rod or project car. Cash only. five63.five93 6sixeight7. Maquoketa iowa. Will load. Cash only. Firm.,il,42.0778,-90.6771,https://raw.githubusercontent.com/abuzreq/ds_datasets/refs/heads/main/used_cars/7085529032.png
7089170585,https://rockford.craigslist.org/ctd/d/oregon-2011-ford-crown-victoria-71/7089170585.html,rockford,https://rockford.craigslist.org,3500,2011,ford,crown victoria,excellent,8,gas,0,clean,automatic,rwd,full-size,sedan,white,https://images.craigslist.org/00o0o_kLb1gbuc7K0_600x450.jpg,"For Sale: 2011 Ford Crown Victoria P-71 Police Interceptor Sedan.  Formerly Illinois State Police Un-Marked Car. (1)Owner Owned by the State of Illinois and well maintained by Ill State Garages. 4.6 Litre H.O V-8 Engine,All HeavyDuty Suspension Package and much more. Solid White in Color, very clean condition. It does have holes where police equipment was removed and plugged, No check engine lights,Etc. Fairly new set of Firestone Police Service high speed radials tires. Car has 176,000 miles but very dependable and great transportation. These cars have Cloth Front Bucket seats, rubber floor covering and Vinyl rear bench seat. If seriously interested call (815)535-6413, only cash sale,no financing is available from me. Price is reasonable based on year and overall condition, no low ball offers please. No text messages will be responded to. Call for info.",il,42.01,-89.3171,https://raw.githubusercontent.com/abuzreq/ds_datasets/refs/heads/main/used_cars/7089170585.png
7089177558,https://rockford.craigslist.org/ctd/d/loves-park-2012-dodge-durango-awd-third/7089177558.html,rockford,https://rockford.craigslist.org,199,2012,dodge,durango sxt awd,UNK,0,gas,0,clean,automatic,UNK,,UNK,UNK,https://images.craigslist.org/00101_kjzehj0aOGU_600x450.jpg,"As low as 500 down and 199 a month with approved credit. Really nice all wheel drive vehicle loaded with leather, bluetooth, tow package and more. We work with all types of credit and down payments. Please  text or call me for price's and more information at 224-600-0096. Thanks (Stock Photos) Read less",il,42.3295,-89.0335,https://raw.githubusercontent.com/abuzreq/ds_datasets/refs/heads/main/used_cars/7089177558.png
7088344078,https://rockford.craigslist.org/ctd/d/rockford-2009-honda-accord-ex/7088344078.html,rockford,https://rockford.craigslist.org,7995,2009,honda,accord,excellent,4,gas,127610,clean,automatic,fwd,mid-size,sedan,UNK,https://images.craigslist.org/00h0h_iozdjOgVpkM_600x450.jpg,2009 Honda Accord EX 4 cylinder automatic. Leather interior with moon roof. Super reliable and great fuel economy. Please call 815-398-9598 Mon-Fri 8-5 With any questions and ask for Mike in sales. Thanks and have a great day.,il,42.2656,-89.0053,https://raw.githubusercontent.com/abuzreq/ds_datasets/refs/heads/main/used_cars/7088344078.png
7088348875,https://rockford.craigslist.org/ctd/d/rockford-2005-subaru-forester/7088348875.html,rockford,https://rockford.craigslist.org,5500,2005,subaru,forester 2.5x awd,excellent,4,gas,111000,clean,automatic,4wd,mid-size,SUV,silver,https://images.craigslist.org/00E0E_dmzmxlyNUnf_600x450.jpg,"Very nice 2005 Subaru Forester AWD. One owner with 111,000 miles. New Timing Belt, water pump and head gaskets. Very good condition and was a new car trade in. Please call 815-398-9598 Mon-Fri 8-5 with any questions and ask for mike in sales. Thanks and have a great day.",il,42.2656,-89.0051,https://raw.githubusercontent.com/abuzreq/ds_datasets/refs/heads/main/used_cars/7088348875.png
7088348386,https://rockford.craigslist.org/ctd/d/rockford-1999-acura-32-tl/7088348386.html,rockford,https://rockford.craigslist.org,3995,1999,acura,tl,good,6,gas,180000,clean,automatic,fwd,full-size,sedan,black,https://images.craigslist.org/00g0g_ioJbyV9BiIA_600x450.jpg,Nice 99 Acura TL. Well maintained V6 automatic. 180000 own owner miles with newer alloy wheels and tires. Please call 815-398-9598 Mon-Fri 8-5 with any questions and ask for Mike in sales. Thanks and have a great day.,il,42.2657,-89.0051,https://raw.githubusercontent.com/abuzreq/ds_datasets/refs/heads/main/used_cars/7088348386.png
7088347935,https://rockford.craigslist.org/ctd/d/rockford-1999-toyota-camry-xle/7088347935.html,rockford,https://rockford.craigslist.org,2995,1999,toyota,camry xle,good,4,gas,210000,clean,automatic,fwd,mid-size,sedan,red,https://images.craigslist.org/00U0U_iKBD7UMXJ2N_600x450.jpg,"Very nice 1999 Camry XLE 4 cylinder. Great reliability and gas mileage. Leather interior, heated seats and sunroof. Please call 815-398-9598 Mon-Fri 8-5 with any questions and ask for Mike in sales. Thanks and have a great day.",il,42.2655,-89.0051,https://raw.githubusercontent.com/abuzreq/ds_datasets/refs/heads/main/used_cars/7088347935.png
7088342749,https://rockford.craigslist.org/ctd/d/rockford-2005-dodge-ram-x4/7088342749.html,rockford,https://rockford.craigslist.org,8995,2005,ram,1500,good,8,gas,129000,clean,automatic,4wd,full-size,truck,grey,https://images.craigslist.org/01616_7knjiC8Vdnr_600x450.jpg,2005 Dodge Ram 4X4 1500 Big Horn Edition. Gray 5.7 Hemi  with 129000 miles. Please call 815-398-9598 Mon-Fri 8-5 with any questions and ask for Mike in sales. Thanks and have a great day.,il,42.2655,-89.0051,https://raw.githubusercontent.com/abuzreq/ds_datasets/refs/heads/main/used_cars/7088342749.png
7088347444,https://rockford.craigslist.org/ctd/d/rockford-2001-volvo-s80/7088347444.html,rockford,https://rockford.craigslist.org,2995,2001,volvo,s80,good,6,gas,102000,clean,automatic,fwd,full-size,sedan,brown,https://images.craigslist.org/00M0M_53qBhdB7ALC_600x450.jpg,Very nice 2001 S80 with only 102000 miles. Local car just traded in. Heated leather seats and moon roof. Please call 815-398-9598 Mon-Fri 8-5 with any questions and ask for mike in sales. Thanks and have a great day.,il,42.2656,-89.005,https://raw.githubusercontent.com/abuzreq/ds_datasets/refs/heads/main/used_cars/7088347444.png
7088344640,https://rockford.craigslist.org/ctd/d/rockford-2009-subaru-forester/7088344640.html,rockford,https://rockford.craigslist.org,8995,2009,subaru,forester 2.5x,excellent,4,gas,105000,clean,automatic,4wd,mid-size,SUV,black,https://images.craigslist.org/00Y0Y_7A8MhAxN5TU_600x450.jpg,"2009 Subaru Forester. Black with Black interior. Runs great, with all wheel drive and is ready for winter.  New head gaskets and timing belt. Please call 815-398-9598 Mon-Fri 8-5 with any questions and ask for Mike in sales.",il,42.2656,-89.005,https://raw.githubusercontent.com/abuzreq/ds_datasets/refs/heads/main/used_cars/7088344640.png
7088343628,https://rockford.craigslist.org/ctd/d/rockford-2006-ford-ranger-4x4/7088343628.html,rockford,https://rockford.craigslist.org,5995,2006,ford,ranger,good,6,gas,148600,clean,automatic,4wd,mid-size,truck,silver,https://images.craigslist.org/00L0L_g1CgJtuykGa_600x450.jpg,"2006 ranger 4X4 automatic V6 extra cab. Silver with black interior. Newer tires , runs great. Please call 815-398-9598 Mon-Fri 8-5 with any questions and ask for mike in sales. Thanks and have a great day.",il,42.2658,-89.005,https://raw.githubusercontent.com/abuzreq/ds_datasets/refs/heads/main/used_cars/7088343628.png
7088346048,https://rockford.craigslist.org/ctd/d/rockford-2005-audi-s4/7088346048.html,rockford,https://rockford.craigslist.org,9000,2005,audi,s4 quattro,excellent,8,gas,141000,clean,manual,4wd,mid-size,sedan,black,https://images.craigslist.org/00H0H_cod9Uqwohjo_600x450.jpg,"For sale this very nice 2005 Audi S4 V8 Quattro.  Black with black leather Recaro seats.  New alloy wheels and tires with less than 500 miles on them. Runs and drives perfectly, no warning lights and no leaks. Very fast , collectable and the most fun to drive you can find for nine thousand dollars. Please call 815-398-9598 Mon-Fri 8-5 and ask for Mike in sales.  Thanks and have a great day!",il,42.2655,-89.0049,https://raw.githubusercontent.com/abuzreq/ds_datasets/refs/heads/main/used_cars/7088346048.png
7088345601,https://rockford.craigslist.org/ctd/d/rockford-1992-subaru-svx/7088345601.html,rockford,https://rockford.craigslist.org,3500,1992,subaru,svx,good,6,gas,166106,clean,automatic,4wd,mid-size,hatchback,green,https://images.craigslist.org/00W0W_gHRFcZAwUe5_600x450.jpg,Well maintained 1992 SVX. The car has just had its timing belt maintenance along with a water pump. Everything works including the air conditioning. Tires are like new.  The only thing the car could use is some body work. It was a southern car and is pretty much rust free but it has a few decent size dents and some scratches. The car runs and drives excellent. Please call 815-398-9598 Mon-Fri 8-5 with any questions and ask for Mike in sales. Thanks and have a great day.,il,42.2657,-89.0049,https://raw.githubusercontent.com/abuzreq/ds_datasets/refs/heads/main/used_cars/7088345601.png
7077040834,https://pensacola.craigslist.org/ctd/d/pensacola-dont-wait-on-your-tax-refund/7077040834.html,pensacola,https://pensacola.craigslist.org,300,2016,UNK,NEW MODEL VEHICLES,UNK,0,gas,0,clean,automatic,UNK,UNK,UNK,UNK,https://images.craigslist.org/00b0b_djR8OUNPXMP_600x450.jpg,"Why wait in your tax refund when you can drive NOW!! WE DONT CARE ABOUT CREDIT  PENSACOLA WE ARE HERE!!  NEW MODEL VEHICLES WITH WARRANTY!!  START REBUILDING YOUR CREDIT IN A NEW VEHICLE!!!  WE HELP PEOPLE GET TO THE CAR LOT AND DRIVE!!! WE DO NOT CARE ABOUT CREDIT!!!!  2016 AND NEWER VEHICLES  CALL TONY 215-713-6428  MUST MAKE AT LEAST $12/HOUR FULL TIME OR 1200 PER MONTH  TO QUALIFY!!!  EASY IN-STORE OR ONLINE APPROVALS  CALL TONY 215-713-6428  $300 Down Drives Same Day! Easy Approval!! We help Bad/No Credit, Repossession, Bankruptcy!! Flexible With Credit!!!  Inventory Changes Daily!!  Make Sure to Bring $500 (Not a penny More) -VALID FL LICENCE -Most recent Pay Stub -Any mail with name and address -WE HAVE PRINTERS AVAILABLE  Ask for Antonio 215-713-6428____  -APPROVAL BASED ON INCOME -4 year/ 60,000 Mile Service Agreement (Warranty) -Payments to Fit Each Customers Budget -Fast IN STORE APPROVALS -Detailed 92 Point Vehicle Safety Inspection  START REBUILDING YOUR CREDIT TODAY!!!!",fl,30.4481,-87.2587,https://raw.githubusercontent.com/abuzreq/ds_datasets/refs/heads/main/used_cars/7077040834.png
7091363254,https://nashville.craigslist.org/ctd/d/greenbrier-4x4-gmc-sierra/7091363254.html,nashville,https://nashville.craigslist.org,8500,2006,gmc,sierra 4x4,good,8,gas,0,clean,automatic,4wd,UNK,truck,UNK,https://images.craigslist.org/01212_4S9Cmfb9wio_600x450.jpg,"2006 GMC SIERRA- 4X4, 5.3L V8, Automatic, Power Windows, Power Locks, Power Mirrors, Power Driver and Passenger Seat with Heat, Leather Interior, AM/FM/CD,  Tow Package, For More Info Contact MELODY 615-431-0518 Dunn Motor Company 2837 HWY 41S GREENBRIER, TN 37073 **WE NEVER CHARGE A DOC FEE OF ANY KIND** Check Out Our Website At dunnmotorco.com or Search ""DUNN"" on Craigslist **We Have Financing Sources Available BUT WE DO NOT LOT FINANCE**STOCK# D-1681",tn,36.4229,-86.7914,https://raw.githubusercontent.com/abuzreq/ds_datasets/refs/heads/main/used_cars/7091363254.png
7088377284,https://greensboro.craigslist.org/ctd/d/thomasville-everything-must-go-2004-gmc/7088377284.html,greensboro,https://greensboro.craigslist.org,5500,2004,gmc,yukon,excellent,8,gas,146363,clean,automatic,4wd,full-size,SUV,UNK,https://images.craigslist.org/00101_COBWeJnoYt_600x450.jpg,"EVERYTHING MUST GO, cheaper than dirt and way below book value. Please understand these are rock bottom prices and WILL NOT be negotiated any further!!! DO NOT call and ask about down payments or ""ON LOT"" financing!!! Please read the ad carefully, for your consideration is a 2004 GMC Yukon SLT, Tan, 4-Door, Seats 6, plus cargo room, push button on demand 4-wheel drive, 5.3 Liter V8, Automatic, Dusk sensing Headlamps, Electronic Brakeforce Distribution, AM/FM/CD/RADIO, Cruise Control, Speed proportional power steering, Electrochromatic inside mirror and many more features!! $5500 Cash or 30 days same as cash with your tax advanced money card NO BUY HERE, NO PAY HERE!! all inventory can be seen at Best Buy Auto Sales 1414 Unity St Thomasville N.C. 336- 472-3012 Dealers welcome-no layaway, no holds, first come-first serve!",nc,35.8844,-80.0519,https://raw.githubusercontent.com/abuzreq/ds_datasets/refs/heads/main/used_cars/7088377284.png
7088382197,https://greensboro.craigslist.org/ctd/d/thomasville-everything-must-go-2006/7088382197.html,greensboro,https://greensboro.craigslist.org,3200,2006,honda,civic,excellent,4,gas,255390,clean,automatic,fwd,mid-size,sedan,blue,https://images.craigslist.org/00f0f_lvuIy14pESn_600x450.jpg,"EVERYTHING MUST GO, cheaper than dirt and way below book value. Please understand these are rock bottom prices and WILL NOT be negotiated any further!!! DO NOT call and ask about down payments or ""ON LOT"" financing!!! Please read the ad carefully, for your consideration is a 2006 Honda Civic LX, Blue, 4-Door, automatic transmission, 255,390 miles, Front Wheel Drive,  1.8liter I4, AM/FM/CD, Power windows, Power locks, very clean, city MPG 26, Highway MPG 36, Great car for that high school or college student or for that first time driver.These's cars are good for the miles and are very reliable. $3200 Cash or 30 days same as cash with your tax advanced money card NO BUY HERE, NO PAY HERE all inventory can be seen at Best Buy Auto Sales 1414 Unity St Thomasville 27360 N.C 336-472-3012 Dealers welcome-no layaway, no holds, first come-first serve!",nc,35.8844,-80.0518,https://raw.githubusercontent.com/abuzreq/ds_datasets/refs/heads/main/used_cars/7088382197.png
7088361916,https://greensboro.craigslist.org/ctd/d/thomasville-everything-must-go-2015/7088361916.html,greensboro,https://greensboro.craigslist.org,11250,2015,dodge,charger pursuit,excellent,8,gas,104832,clean,automatic,4wd,full-size,sedan,silver,https://images.craigslist.org/00000_7tNU2CqmjCa_600x450.jpg,"EVERYTHING MUST GO, cheaper than dirt and way below book value. Please understand these are rock bottom prices and WILL NOT be negotiated any further!!! DO NOT call and ask about down payments or ""ON LOT"" financing!!! Please read the ad carefully, for your consideration is a 1-owner CARFAX certified exc condition . 2015 Dodge Charger HEMI Powered AWD Highway Patrol Pursuit Pkg, 5.7 Liter 390hp/400lb torque V8, Four door, Automatic transmission, Advanced multistage front airbags, Active Transfer case with electronic stability control, High speed traction control, Hill start assist, Rain brake support, Ready alert braking, ABS 4-wheel heavy duty disc brakes, 220 amp alternator, Heavy duty supension, Electro-hydraulic performance power steering, Severe duty engine cooling, Tire pressure monitoring display, Keyless entry proximity remote with push button start, Uconnect 5.0-inch touchscreen AM/FM/ Integrated voice command with bluetooth, Fingertip steering wheeling buttons, Remote USB port, rear back-up camera. Absolutely a joy to drive! Priced at wholesale value so most credit unions require no money down .several to choose from. $11250 Cash or credit union check NO BUY HERE, NO PAY HERE!! all inventory can be seen at Best Buy Auto Sales 1414 Unity St Thomasville NC. 336-472-3012 Dealers welcome-no layaway, no holds, first come-first serve!",nc,35.8844,-80.0518,https://raw.githubusercontent.com/abuzreq/ds_datasets/refs/heads/main/used_cars/7088361916.png
7087269380,https://greensboro.craigslist.org/ctd/d/thomasville-everything-must-go-2015/7087269380.html,greensboro,https://greensboro.craigslist.org,11250,2015,dodge,charger pursuit,excellent,8,gas,104832,clean,automatic,4wd,full-size,sedan,silver,https://images.craigslist.org/00000_7tNU2CqmjCa_600x450.jpg,"EVERYTHING MUST GO, cheaper than dirt and way below book value. Please understand these are rock bottom prices and WILL NOT be negotiated any further!!! DO NOT call and ask about down payments or ""ON LOT"" financing!!! Please read the ad carefully, for your consideration is a 1-owner CARFAX certified exc condition . 2015 Dodge Charger HEMI Powered AWD Highway Patrol Pursuit Pkg, 5.7 Liter 390hp/400lb torque V8, Four door, Automatic transmission, Advanced multistage front airbags, Active Transfer case with electronic stability control, High speed traction control, Hill start assist, Rain brake support, Ready alert braking, ABS 4-wheel heavy duty disc brakes, 220 amp alternator, Heavy duty supension, Electro-hydraulic performance power steering, Severe duty engine cooling, Tire pressure monitoring display, Keyless entry proximity remote with push button start, Uconnect 5.0-inch touchscreen AM/FM/ Integrated voice command with bluetooth, Fingertip steering wheeling buttons, Remote USB port, rear back-up camera. Absolutely a joy to drive! Priced at wholesale value so most credit unions require no money down .several to choose from. $11250 Cash or credit union check NO BUY HERE, NO PAY HERE!! all inventory can be seen at Best Buy Auto Sales 1414 Unity St Thomasville NC. 336-472-3012 Dealers welcome-no layaway, no holds, first come-first serve!",nc,35.8844,-80.0518,https://raw.githubusercontent.com/abuzreq/ds_datasets/refs/heads/main/used_cars/7087269380.png
7088514860,https://greensboro.craigslist.org/ctd/d/high-point-2004-jeep-grand-cherokee/7088514860.html,greensboro,https://greensboro.craigslist.org,4500,2004,jeep,grand cherokee,good,6,gas,168821,clean,automatic,4wd,full-size,SUV,grey,https://images.craigslist.org/00g0g_hemJfVnriDn_600x450.jpg,"2004 Jeep Grand Cherokee Special Edition, 4x4, AWD  6 cylinder engine, automatic transmission. AM-FM cd player. New tires.  Power doors and locks. Leather interior. Nice vehicle. No dealer doc fees.",nc,35.9344,-80.0079,https://raw.githubusercontent.com/abuzreq/ds_datasets/refs/heads/main/used_cars/7088514860.png
7088506891,https://greensboro.craigslist.org/ctd/d/high-point-2005-buick-lesabre/7088506891.html,greensboro,https://greensboro.craigslist.org,4499,2005,buick,lesabre,good,6,gas,176623,clean,automatic,fwd,full-size,sedan,green,https://images.craigslist.org/00909_1isVELokfBp_600x450.jpg,"2005 Buick Lesabre Limited, V-6 engine, automatic transmission, Power windows, locks and heated leather seats. AM-FM, cd player.  Brand new tires. Extra nice vehicle.  NC emissions inspection completed. No dealer add-on fees",nc,35.9344,-80.0079,https://raw.githubusercontent.com/abuzreq/ds_datasets/refs/heads/main/used_cars/7088506891.png
7087898513,https://greensboro.craigslist.org/cto/d/oak-ridge-2003-s10/7087898513.html,greensboro,https://greensboro.craigslist.org,4800,2003,chevrolet,s10 truck,excellent,6,gas,202635,clean,automatic,4wd,mid-size,truck,white,https://images.craigslist.org/00303_gLvJ8iJtO6X_600x450.jpg,2003 S10 4dr 4 wheel drive runs and drives great no issues at all just been inspected and serviced. $4800.00 call Ronnie  show contact info . V6 4.3 L,nc,36.1811,-79.9378,https://raw.githubusercontent.com/abuzreq/ds_datasets/refs/heads/main/used_cars/7087898513.png
7086143104,https://greensboro.craigslist.org/cto/d/greensboro-2011-bmw-328i-grey/7086143104.html,greensboro,https://greensboro.craigslist.org,7999,2011,bmw,328i,excellent,6,gas,80000,clean,automatic,4wd,full-size,sedan,grey,https://images.craigslist.org/00202_1fx6hB4yikK_600x450.jpg,"Excellent condition! My vehicle comes equipped with many features such as Sunroof / Moonroof, MP3 Connection, LED Headlights, Dual Zone Climate Control A/C, Sirius Satellite Radio, USB Ports, Steering Wheel Input Controls, Automatic Wipers, Cruise Control, Sports Mode, ESP Settings, Plus All Standard Electronic and Safety Equipment. Heated Leather Seats, Rear Air, Dual Zone A/C, CD Player, 6-SPEED STEPTRONIC AUTOMATIC TRANSMIS..., BAMBOO ANTHRACITE WOOD TRIM, HEATED FRONT SEATS, Keyless Entry, Remote Trunk Release, Steering Wheel Controls, Rollover Protection System, Heated Mirrors. leather seat trim, auto-dimming pwr folding exterior mirrors, auto-dimming rearview mirror w/compass, front seats w/4-way pwr lumbar, BMW Assist, rear star-spoke alloy wheels with rear run-flat performance tires, sport seats, sport suspension, increased top speed , limiter. Tinted window. Cash Only or pay in full.",nc,36.0334,-79.8626,https://raw.githubusercontent.com/abuzreq/ds_datasets/refs/heads/main/used_cars/7086143104.png
7088659401,https://greensboro.craigslist.org/ctd/d/greensboro-2015-dodge-dart/7088659401.html,greensboro,https://greensboro.craigslist.org,8599,2015,dodge,dart,good,4,gas,38484,clean,automatic,fwd,mid-size,sedan,white,https://images.craigslist.org/00u0u_b43m2dx4fmE_600x450.jpg,"2015 DODGE DART  Vehicle Information Make: DODGE Model: DART Trim: SXT Exterior Color: WHITE Interior Color: BLACK Engine: 2.4L Fuel: Gasoline Transmission: Automatic Drive: FWD Miles: 38,484  Dealership Info DELUXE IMPORTS INC. 3305 PHOENIX CT GREENSBORO, NC 27406 Monday-Saturday 10 am-6 pm Phone: 336-542-0981 After hours Text: 980-444-8706  Price: $8,599.00 +taxes and fees, +doc fees  Features Air Conditioning; Power Windows; Power Locks; Power Steering; Tilt Wheel; AM/FM CD/MP3; Satellite; AM/FM CD/DVD; Sentry Key; Keyless Entry; Alarm; Daytime Running Lights; Dual Front Airbags; Side Airbags; Head Airbags; Rear Head Airbags; Active Seatbelts; All Wheel ABS DELUXE IMPORTS INC.  Easy Financing Available!!!! Bad Credit  Good Credit  No Credit We Accept All!!!  WWW.DELUXEIMPORTSINC.COM 2015 DODGE DART - Stock # 10144 Offered by: DELUXE IMPORTS INC.",nc,36.022,-79.7821,https://raw.githubusercontent.com/abuzreq/ds_datasets/refs/heads/main/used_cars/7088659401.png
7087992902,https://greensboro.craigslist.org/ctd/d/greensboro-2017-chevrolet-cruze/7087992902.html,greensboro,https://greensboro.craigslist.org,15999,2017,chevrolet,cruze,good,4,gas,17498,clean,automatic,fwd,mid-size,sedan,black,https://images.craigslist.org/00E0E_hd1HABV4J3i_600x450.jpg,"2017 CHEVROLET CRUZE  Vehicle Information Make: CHEVROLET Model: CRUZE Trim: PREMIER Exterior Color: BLACK Interior Color: ORANGE Engine: 1.4L Fuel: Gasoline Transmission: Automatic Drive: FWD Miles: 17,498  Dealership Info DELUXE IMPORTS INC. 3305 PHOENIX CT GREENSBORO, NC 27406 MONDAY-SATURDAY  10 AM TO 6 PM Phone: 336-542-0981 After Hours- 980-444-8706  Price: $15,999.00 +taxes and fees, +doc fees  Features Air Conditioning; Power Windows; Power Locks; Power Steering; Tilt Wheel; AM/FM CD/MP3; Satellite; Immobilizer; Keyless Entry; Alarm; Daytime Running Lights; Dual Airbags Front Head and Side; Active Seatbelts; Passenger Airbag Sensor; Dual Rear Side Airbag; All Wheel ABS DELUXE IMPORTS INC.  Easy Financing Available!!! Bad Credit No Credit Good Credit We Accept All...  WWW.DELUXEIMPORTSINC.COM 2017 CHEVROLET CRUZE - Stock # 10202 Offered by: DELUXE IMPORTS INC.",nc,36.022,-79.7821,https://raw.githubusercontent.com/abuzreq/ds_datasets/refs/heads/main/used_cars/7087992902.png
7087356424,https://greensboro.craigslist.org/ctd/d/greensboro-2009-bmw-x5/7087356424.html,greensboro,https://greensboro.craigslist.org,8499,2009,bmw,x5,good,8,gas,104482,clean,automatic,4wd,full-size,SUV,blue,https://images.craigslist.org/01616_eL3b3kPjal8_600x450.jpg,"2009 BMW X5  Vehicle Information Make: BMW Model: X5 Trim: XDRIVE48I Exterior Color: BLUE Interior Color: GREY Engine: 4.8L Fuel: Gasoline Transmission: Automatic Drive: AWD Miles: 104,482  Dealership Info DELUXE IMPORTS INC. 3305 PHOENIX CT GREENSBORO, NC 27406 Monday-Saturday  10am-6pm Phone: 336-542-0981 After Hours Text- 980-444-8706  Price: $8,499.00 +Taxes and fees +Doc fees  Features Air Conditioning; Power Windows; Power Locks; Power Steering; Tilt Wheel; AM/FM CD/MP3; Satellite; AM/FM CD/DVD; Sentry Key; Keyless Entry; Alarm; Daytime Running Lights; Dual Front Airbags; Side Airbags; Head Airbags; Rear Head Airbags; Active Seatbelts; All Wheel ABS; Power Sun/Moon Roof DELUXE IMPORTS INC.  Easy Financing Available!!!! Bad Credit No Credit Good Credit We Accept All...  WWW.DELUXEIMPORTSINC.COM 2009 BMW X5 - Stock # 10199 Offered by: DELUXE IMPORTS INC.",nc,36.022,-79.7821,https://raw.githubusercontent.com/abuzreq/ds_datasets/refs/heads/main/used_cars/7087356424.png
7086111731,https://greensboro.craigslist.org/ctd/d/greensboro-2005-cadillac-sts/7086111731.html,greensboro,https://greensboro.craigslist.org,3650,2005,cadillac,sts,good,0,gas,0,clean,automatic,UNK,full-size,sedan,black,https://images.craigslist.org/01616_baaMgD0XT6V_600x450.jpg,This 2005 Cadillac STS runs and drives good. 3.6L FULLY LOADED Automatic AM/FM Radio CD player with 164k. If interested call or text Mr Ish at (336) 285-1947 to schedule a appointment for a test drive at Jaam Automotive and Again Please call for Appointment so there will be no waiting. Thank you,nc,36.1214,-79.7733,https://raw.githubusercontent.com/abuzreq/ds_datasets/refs/heads/main/used_cars/7086111731.png
7087271319,https://greensboro.craigslist.org/ctd/d/burlington-2015-nissan-versa-note/7087271319.html,greensboro,https://greensboro.craigslist.org,7995,2015,nissan,versa note sv hatchback,excellent,4,gas,68945,clean,automatic,fwd,mid-size,hatchback,blue,https://images.craigslist.org/00s0s_f7DHeKjWuAS_600x450.jpg,"2015 NISSAN VERSA NOTE    Our LOW Overhead Means Savings for YOU !! Great Gas Mileage. Call for us for questions, details or to schedule a test drive.      Vehicle Information  Make: NISSAN Model: VERSA NOTE Trim: S Exterior Color: BLUE Interior Color: TAN Engine: 1.6L Fuel: Gasoline Transmission: Continuously Variable Drive: FWD Miles:  68,945 VIN: 3N1CE2CP3FL392506 Stock #: 10266    Dealership Info  PROXIMITY MOTOR CARS 2132 S CHURCH ST BURLINGTON, NC 27215  Phone: 336-337-5037  Price:   $7,995.00       Features Air Conditioning; Power Windows; Power Locks; Power Steering; Tilt Wheel; AM/FM CD/MP3; Satellite; Passive engine immobilizer; Daytime Running Lights; Dual Front Airbags; Side Airbags; Head Airbags; Rear Head Airbags; Active Seatbelts; All Wheel ABS        PROXIMITY MOTOR CARS    2015 NISSAN VERSA NOTE - Stock # 10266 Offered by: PROXIMITY MOTOR CARS 68448-10266-80055-5490454",nc,36.0823,-79.468,https://raw.githubusercontent.com/abuzreq/ds_datasets/refs/heads/main/used_cars/7087271319.png
7087252289,https://greensboro.craigslist.org/ctd/d/burlington-2017-hyundai-sonata/7087252289.html,greensboro,https://greensboro.craigslist.org,9995,2017,hyundai,sonata,excellent,4,gas,105985,clean,automatic,fwd,full-size,sedan,white,https://images.craigslist.org/00f0f_5pmWbmcQyZ6_600x450.jpg,"2017 HYUNDAI SONATA    Our LOW Overhead Means SAVINGS for You !!! Excellent 4 door sedan in Great condition. Call Blaine for details, questions or to schedule a test drive.      Vehicle Information  Make: HYUNDAI Model: SONATA Trim: SE Exterior Color: WHITE Interior Color: GRAY Engine: 2.4L Fuel: Gasoline Transmission: Automatic Drive: FWD Miles: 105,985 VIN: 5NPE24AF7HH524674 Stock #: 10255    Dealership Info  PROXIMITY MOTOR CARS 2132 S CHURCH ST BURLINGTON, NC 27215  Phone: 336-337-5037  Price:   $9,995.00       Features Air Conditioning; Power Windows; Power Locks; Power Steering; Tilt Wheel; AM/FM CD/MP3; Satellite; AM/FM CD/DVD; Immobilizer; Keyless Entry; Alarm; Daytime Running Lights; Dual Front Airbags; Side Airbags; Head Airbags; Rear Head Airbags; Active Seatbelts; All Wheel ABS        PROXIMITY MOTOR CARS    2017 HYUNDAI SONATA - Stock # 10255 Offered by: PROXIMITY MOTOR CARS 68448-10255-80013-5953128",nc,36.0823,-79.468,https://raw.githubusercontent.com/abuzreq/ds_datasets/refs/heads/main/used_cars/7087252289.png
7086398394,https://greensboro.craigslist.org/ctd/d/swepsonville-2017-ford-escape-se-1/7086398394.html,greensboro,https://greensboro.craigslist.org,12590,2017,ford,escape se,UNK,0,gas,78545,clean,automatic,UNK,UNK,UNK,UNK,https://images.craigslist.org/00l0l_5qUsSzVGsus_600x450.jpg,"CA$H FOR CARS 336-264-6487 1004 South Main StGraham, NC 27253 Call Us Today!! Contact: Us Phone: 336-264-6487 Visit Our Web Site: www.CashForCarsNC.com Vehicle Information: Year: 2017 Make: Ford Model: Escape Trim: SE VIN: 1FMCU9GD5HUC96325 Stock Number: C96325 Our Price: $12,590 Mileage: 78,545 Body Style: SUV Doors: 4 Dr Engine: Inline 4 1.5 Li Transmission: Automatic 6 Speed Interior Color: Gray Exterior Color: White Stereo: AM/FM Radio  Installed Options: 12 Volt Power Source Air Conditioning Alloy Wheels Anti-Lock Brakes Audio Aux Input Automatic Climate Control Backup Camera Bluetooth, Hands-Free CD Player In-Dash Cloth Seats Cruise Control Driver Air Bag Dual Heat/AC Controls Keyless Entry Passenger Air Bag Power Door Locks Power Mirrors Power Seats Power Windows Rear Airbags Rear Window Defroster Satellite Radio Security System Side Air Bag Steering Wheel Controls Tilt Wheel Traction Control   Other Information: 1 OWNEROUR DEALERSHIP ADDRESS IS 1004 SOUTH MAIN ST. GRAHAM, NC 27253YOU MAY CALL US AT 336-264-6487SOLID ENGINE AND SMOOTH SHIFTING TRANSMISSION. NO LEAKS. GOOD SUSPENSION AND BRAKES.  IT IS BACKED BY OUR LIMITED TIME POWERTRAIN WARRANTY. EXTENDED WARRANTY IS ALSO AVAILABLE. IF YOU WISH TO SEE THE HISTORY REPORT PLEASE CLICK ON THE ""SHOW ME THE CARFAX"" ICON ON OUR WEBSITE (IF VIEWING THE WEBSITE ON A SMART PHONE, MAKE SURE TO CLICK FULL SITE VERSION). IF YOU WISH TO SCHEDULE A TIME TO CHECK IT OUT PLEASE CALL 336-264-6487.Alloy Wheels. Backup Camera. Clean Title. 1 Owner. Kept in North Carolina. Regular oil changes and service records (view carfax report on our website). Fully reconditioned and has passed our bumper to bumper quality inspection by our staff.  No leaks. Good brakes.  Equipped with power windows, locks, dual front and side airbags, audio auxiliary input and more. Priced to sell fast. Call us to make an appointment for a test drive. Warranty Information: Warranty - Limited We warrant the engine and transmission on this vehicle.  If you have a significant engine or transmission issue, you may bring the vehicle back for a full refund. No questions asked! A significant issue would be considered a headgasket issue, for example.This warranty does not include minor issues or issues not related with the engine or transmission. A minor issue would be considered an issue related to a particular sensor or a minor leak.14 days, unlimited miles, from the date of saleEXTENDED WARRANTY AVAILABLE. For as little as $139 you can buy a 3 month engine and transmission warranty. You may buy terms up to four years on select vehicles.  Ask us for more details.  For More Vehicle Details: http://www.cashforcarsnc.com/details.php?id=363776 Key: 1580665547",nc,36.0513,-79.3991,https://raw.githubusercontent.com/abuzreq/ds_datasets/refs/heads/main/used_cars/7086398394.png
7087966956,https://greensboro.craigslist.org/ctd/d/mebane-2016-ford-f150-warranty-108k/7087966956.html,greensboro,https://greensboro.craigslist.org,12800,2016,ford,f-150,excellent,6,gas,108500,clean,automatic,rwd,full-size,pickup,white,https://images.craigslist.org/00D0D_4GzSgruI9Zb_600x450.jpg,"Very clean F150, paint in excellent condition, interior good condition no tears, has 3.5 V6 engine, 108k miles, spray in bed liner, Michelin tires, 3 month 3000 mile power train warranty, fleet maintained and serviced. I drove the truck to Raleigh and the truck read an average of 23.2 mpg during the trip.  Mebane Auto Sales ""Keeping it Simple""  See all of our vehicles for sales at www.mebaneautosales.com When you get tired of dealing with the scams of private sellers and the games of the big dealers call us to keep it simple. No doc fees or other hidden dealer fees, no ""managers"" to talk to and the owners are the only sales people.",nc,36.0962,-79.2746,https://raw.githubusercontent.com/abuzreq/ds_datasets/refs/heads/main/used_cars/7087966956.png
7088670797,https://greensboro.craigslist.org/ctd/d/raleigh-2010-ford-edge-limited/7088670797.html,greensboro,https://greensboro.craigslist.org,6990,2010,ford,edge limited,excellent,6,gas,97108,clean,automatic,UNK,UNK,UNK,white,https://images.craigslist.org/00F0F_5TK7W1Sn6Vb_600x450.jpg,"extremely clean edge clean title low miles, only 97k and many more to go  runs and drives perfectly with no issues 3.5l v6 engine priced to sell fast  feel free to contact me at 9197802197 for any further questions or interest",nc,35.8014,-78.6877,https://raw.githubusercontent.com/abuzreq/ds_datasets/refs/heads/main/used_cars/7088670797.png
7088670429,https://greensboro.craigslist.org/ctd/d/raleigh-2014-honda-civic-lx/7088670429.html,greensboro,https://greensboro.craigslist.org,7590,2014,honda,civic lx,excellent,4,gas,50019,salvage,automatic,UNK,UNK,UNK,UNK,https://images.craigslist.org/01515_cr2imfgc6j9_600x450.jpg,"extremely clean civic salvaged title low miles, only 50k and many more to go  runs and drives perfectly  1.8l four cylinder engine  priced to sell fast  feel free to contact me at 9197802197 for any further questions or interest",nc,35.8014,-78.6877,https://raw.githubusercontent.com/abuzreq/ds_datasets/refs/heads/main/used_cars/7088670429.png
7088668478,https://greensboro.craigslist.org/ctd/d/raleigh-2011-cadillac-srx-luxury/7088668478.html,greensboro,https://greensboro.craigslist.org,6990,2011,cadillac,srx luxury collection,excellent,6,gas,157909,clean,automatic,UNK,UNK,UNK,silver,https://images.craigslist.org/00F0F_ah16o587pef_600x450.jpg,extremely clean cadillac  clean title runs and drives very well with no mechanical issues detailed interior and exterior  has 157k miles and many more to go priced to sell fast 3.0l v6 engine  feel free to contact me at 9197802197 for any further questions or interest,nc,35.8014,-78.6877,https://raw.githubusercontent.com/abuzreq/ds_datasets/refs/heads/main/used_cars/7088668478.png
7082679309,https://richmond.craigslist.org/cto/d/richmond-international-trucks/7082679309.html,richmond,https://richmond.craigslist.org,6000,2006,UNK,international 4300,fair,6,diesel,0,clean,automatic,fwd,UNK,truck,white,https://images.craigslist.org/01212_6r0xR7dy2Sg_600x450.jpg,3 International 4300 trucks 6000.00 each,va,37.4373,-77.4788,https://raw.githubusercontent.com/abuzreq/ds_datasets/refs/heads/main/used_cars/7082679309.png
7082678125,https://richmond.craigslist.org/cto/d/richmond-2012-peterbilt/7082678125.html,richmond,https://richmond.craigslist.org,21999,2012,UNK,peterbilt 386,good,6,diesel,594000,clean,manual,rwd,UNK,truck,red,https://images.craigslist.org/00S0S_lveodbOwuwX_600x450.jpg,2012 Peterbilt 386,va,37.4373,-77.4788,https://raw.githubusercontent.com/abuzreq/ds_datasets/refs/heads/main/used_cars/7082678125.png
7078741107,https://utica.craigslist.org/cto/d/clark-mills-2013-cascadia-and-2012/7078741107.html,utica-rome-oneida,https://utica.craigslist.org,40000,2013,UNK,frieghtliner,UNK,0,diesel,0,clean,automatic,UNK,UNK,UNK,UNK,https://images.craigslist.org/00G0G_ithO8DTeZS8_600x450.jpg,"I have an 2013 Cascadia with Detroit,Auto, 580k, Engine rebuild 40k ago, radiator and def pump less then 10k. and 2012 stoughton dry van trailer",ny,43.0923,-75.3796,https://raw.githubusercontent.com/abuzreq/ds_datasets/refs/heads/main/used_cars/7078741107.png
7092375769,https://southjersey.craigslist.org/cto/d/clementon-1999-ford-f250-superduty-73/7092375769.html,south jersey,https://southjersey.craigslist.org,4500,1999,ford,f250,UNK,8,diesel,0,clean,automatic,UNK,UNK,UNK,UNK,https://images.craigslist.org/01111_lVyZ6aUVEGD_600x450.jpg,"I have a 1999 Ford F250 Superduty with the legendary 7.3 Diesel motor.  * Double lock boxes on each side of bed.   * 8 foot bed with full ladder racks  * Current mileage is 270k. This would make a great work truck. AC and heat work properly.  Motor runs strong. Top end was rebuilt at 200k miles. Transmissions shifts without any problems. Not much rust, overall very solid.  The front end was replaced to look like the newer model, I believe 2004. There is a dent in the hood and front bumper, however the hood opens and closes properly.  KBB value is between $7,600- $8800 in good condition.  Feel free to make an offer.  Cell phone:  show contact info",nj,39.8067,-75.0358,https://raw.githubusercontent.com/abuzreq/ds_datasets/refs/heads/main/used_cars/7092375769.png
